step,q0,q1,q2,q3,q4,q5,q6,q7,q8,q9,q10,q11,q12,q13,q14,q15,q16,q17,q18,q19,q20,q21,cap_spin,cap_lift
0,2.96700,0.18530,-1.90480,0.15650,-1.34600,-2.00310,0.04140,0.80690,0.78740,-0.22700,1.34050,0.39470,0.50810,-0.16200,0.11100,0.92500,0.49880,-0.22700,0.22460,1.44310,-0.02440,-0.21650,0.00000,0.000000
1,2.97031,0.18604,-1.90402,0.16006,-1.34982,-2.00787,0.03816,0.80203,0.78928,-0.22366,1.34241,0.39238,0.49152,-0.16200,0.10774,0.91922,0.50309,-0.22679,0.21066,1.42980,-0.05353,-0.21937,0.00000,0.000000
2,2.97592,0.19095,-1.90338,0.16294,-1.35407,-2.01135,0.03571,0.79824,0.79012,-0.21443,1.35013,0.38254,0.49675,-0.16202,0.10493,0.91593,0.51167,-0.22677,0.20388,1.41886,-0.04726,-0.22121,0.00017,0.000001
3,2.98126,0.20067,-1.90642,0.16486,-1.36164,-2.00875,0.03716,0.80107,0.79143,-0.20408,1.35615,0.36634,0.48700,-0.16135,0.10592,0.91773,0.52954,-0.22308,0.22320,1.40966,-0.03585,-0.21956,0.02670,0.000085
4,2.98847,0.21303,-1.91366,0.16265,-1.36950,-1.99966,0.04529,0.80901,0.78403,-0.19623,1.35857,0.34797,0.47310,-0.16212,0.11180,0.92285,0.55349,-0.21311,0.24239,1.39872,-0.01358,-0.21201,0.04154,0.000132
5,2.99722,0.22551,-1.92486,0.16250,-1.38040,-1.98703,0.06112,0.82562,0.76898,-0.19360,1.34510,0.32944,0.46128,-0.16199,0.12745,0.92721,0.56128,-0.19586,0.26491,1.39115,0.01429,-0.19595,0.06161,0.000196
6,3.00826,0.23985,-1.93900,0.16660,-1.39314,-1.97214,0.08443,0.84952,0.74736,-0.19830,1.32600,0.31470,0.44658,-0.16201,0.15130,0.93333,0.56240,-0.17088,0.28866,1.38344,0.04163,-0.17167,0.08116,0.000258
7,3.02087,0.25454,-1.95441,0.17487,-1.40760,-1.95606,0.11219,0.87784,0.71688,-0.20521,1.31252,0.30674,0.43615,-0.16194,0.18060,0.94079,0.54863,-0.14007,0.30953,1.37588,0.05863,-0.14100,0.09983,0.000318
8,3.03496,0.26872,-1.97069,0.18575,-1.42372,-1.93939,0.14172,0.90950,0.67930,-0.21046,1.30426,0.30693,0.43366,-0.16123,0.21214,0.95515,0.55004,-0.10516,0.34506,1.37388,0.07788,-0.10526,0.17680,0.000563
9,3.04866,0.27914,-1.98611,0.19665,-1.44024,-1.92165,0.16966,0.94318,0.63920,-0.21444,1.30150,0.31122,0.41471,-0.16145,0.24718,0.96238,0.54190,-0.06882,0.37110,1.37430,0.07455,-0.06881,0.23911,0.000761
10,3.06324,0.28960,-2.00213,0.20818,-1.45712,-1.90387,0.19962,0.97798,0.60139,-0.21747,1.30202,0.31645,0.41197,-0.16173,0.27452,0.95972,0.51588,-0.03259,0.39408,1.37301,0.03696,-0.03221,0.31503,0.001003
11,3.07423,0.29986,-2.01733,0.21842,-1.47377,-1.88505,0.23363,1.01267,0.56602,-0.21976,1.31882,0.31818,0.40401,-0.16200,0.30475,0.95869,0.49474,0.00366,0.41286,1.37754,-0.00472,0.00418,0.41417,0.001318
12,3.08743,0.30900,-2.03130,0.22487,-1.49005,-1.86538,0.26976,1.04375,0.52625,-0.22151,1.33016,0.31385,0.39190,-0.16104,0.34006,0.96170,0.48526,0.03985,0.42628,1.38286,-0.03665,0.04054,0.49847,0.001587
13,3.09783,0.31270,-2.04017,0.22801,-1.50086,-1.84571,0.30587,1.07370,0.48419,-0.22284,1.31964,0.30844,0.38986,-0.15819,0.37044,0.97627,0.48476,0.07336,0.43658,1.38797,-0.05927,0.07533,0.51854,0.001651
14,3.10435,0.31379,-2.04724,0.23038,-1.50326,-1.82622,0.34197,1.10533,0.44308,-0.22385,1.30397,0.29922,0.39693,-0.15401,0.39353,0.98218,0.46957,0.10461,0.44480,1.39188,-0.07960,0.10679,0.50161,0.001597
15,3.10469,0.31330,-2.05189,0.22841,-1.50055,-1.80679,0.37278,1.13831,0.40749,-0.22291,1.31777,0.28456,0.42520,-0.14961,0.41191,0.97072,0.42747,0.13079,0.44562,1.37668,-0.16455,0.13229,0.57526,0.001831
16,3.10025,0.31504,-2.05565,0.22478,-1.49322,-1.78663,0.39617,1.16905,0.37514,-0.21716,1.32587,0.26389,0.42239,-0.14857,0.42516,0.97811,0.43167,0.15010,0.45018,1.37822,-0.17944,0.15433,0.59778,0.001903
17,3.09539,0.31746,-2.05739,0.22231,-1.48753,-1.76700,0.41389,1.19849,0.33741,-0.20441,1.33749,0.24319,0.43048,-0.14633,0.43600,0.98606,0.43013,0.16067,0.45409,1.36892,-0.20203,0.16967,0.60423,0.001923
18,3.08768,0.32086,-2.06041,0.21981,-1.47909,-1.74772,0.42738,1.22630,0.30002,-0.18433,1.34197,0.22522,0.43603,-0.14644,0.44326,0.98039,0.42653,0.16112,0.45776,1.35189,-0.20735,0.17648,0.64682,0.002059
19,3.07832,0.32383,-2.06112,0.21560,-1.46786,-1.72827,0.43761,1.25535,0.26157,-0.16096,1.34694,0.21258,0.43795,-0.14500,0.44880,0.97944,0.43126,0.15740,0.46098,1.34159,-0.20246,0.18057,0.69272,0.002205
20,3.06755,0.32646,-2.06121,0.21068,-1.45582,-1.70789,0.44539,1.28778,0.22249,-0.13323,1.35241,0.20748,0.43627,-0.14133,0.45337,0.98538,0.43349,0.15382,0.46288,1.32828,-0.19086,0.18626,0.72885,0.002320
21,3.05591,0.32972,-2.05996,0.20274,-1.44428,-1.68767,0.45129,1.32280,0.18465,-0.10370,1.35577,0.21142,0.42924,-0.13868,0.45685,0.98742,0.44700,0.14835,0.46378,1.32881,-0.19086,0.19614,0.75974,0.002418
22,3.04545,0.33255,-2.06012,0.19629,-1.43329,-1.66701,0.45581,1.35624,0.14373,-0.07248,1.35314,0.21929,0.42553,-0.13321,0.46947,0.96012,0.39275,0.14456,0.46211,1.32143,-0.19055,0.20611,0.76480,0.002434
23,3.03948,0.33557,-2.06013,0.19083,-1.42301,-1.64677,0.45925,1.38574,0.09578,-0.03972,1.35042,0.22730,0.43137,-0.12432,0.46991,0.94712,0.34011,0.13887,0.44640,1.30598,-0.17944,0.21945,0.78191,0.002489
24,3.03277,0.33799,-2.05799,0.18212,-1.41708,-1.62662,0.46179,1.42134,0.06027,-0.00911,1.34907,0.23751,0.42116,-0.11332,0.46965,0.96026,0.33070,0.12900,0.45050,1.29688,-0.17431,0.23227,0.82118,0.002614
25,3.02391,0.33858,-2.05638,0.17297,-1.41065,-1.60580,0.46376,1.45675,0.02256,0.01651,1.34856,0.24757,0.41976,-0.10013,0.46939,0.97184,0.34124,0.11908,0.45290,1.30761,-0.18041,0.24074,0.83671,0.002663
26,3.01604,0.33946,-2.05338,0.16199,-1.40125,-1.58531,0.46529,1.48945,-0.01949,0.04028,1.34763,0.25342,0.41393,-0.08852,0.46946,0.96961,0.34319,0.11245,0.45404,1.30627,-0.18632,0.24705,0.83723,0.002665
27,3.00689,0.34065,-2.05172,0.15283,-1.39394,-1.56505,0.46637,1.51990,-0.05353,0.05931,1.34852,0.25191,0.40317,-0.07762,0.46972,0.96880,0.35399,0.11174,0.45502,1.30461,-0.18178,0.25193,0.85416,0.002719
28,2.99932,0.34174,-2.04950,0.14261,-1.38710,-1.54526,0.46725,1.54011,-0.08538,0.07807,1.35227,0.24508,0.39545,-0.07009,0.46985,0.96398,0.36536,0.11212,0.45564,1.30346,-0.17746,0.25423,0.86638,0.002758
29,2.99247,0.34383,-2.04913,0.13364,-1.38130,-1.52552,0.46791,1.55571,-0.10947,0.09329,1.35661,0.23732,0.39258,-0.06811,0.46962,0.97000,0.36673,0.10998,0.45609,1.30764,-0.18149,0.25341,0.87790,0.002794
30,2.98479,0.34615,-2.04718,0.12509,-1.37500,-1.50584,0.46838,1.56831,-0.12631,0.10247,1.36061,0.23172,0.38530,-0.06915,0.46965,0.97108,0.37624,0.10262,0.45880,1.31337,-0.18684,0.24877,0.89727,0.002856
31,2.97794,0.34830,-2.04580,0.11532,-1.37170,-1.48588,0.46878,1.57818,-0.13840,0.10962,1.36776,0.22463,0.37778,-0.06911,0.47005,0.97376,0.38598,0.09466,0.46086,1.31852,-0.18579,0.24372,0.89675,0.002854
32,2.97215,0.35056,-2.04585,0.10879,-1.36728,-1.46590,0.46907,1.58439,-0.14967,0.11273,1.37432,0.21800,0.37319,-0.06915,0.47010,0.97448,0.39624,0.08286,0.46241,1.32249,-0.18732,0.23606,0.92258,0.002937
33,2.96658,0.35389,-2.04652,0.10124,-1.36614,-1.44565,0.46929,1.59069,-0.15592,0.11611,1.37830,0.20957,0.36397,-0.07057,0.47008,0.97780,0.41093,0.07149,0.46305,1.32832,-0.18124,0.23032,0.94335,0.003003
34,2.96352,0.35673,-2.04684,0.09428,-1.36582,-1.42581,0.46947,1.59362,-0.16333,0.11635,1.38119,0.20368,0.36291,-0.06959,0.47007,0.97463,0.41654,0.06371,0.46191,1.33181,-0.18513,0.22850,0.95208,0.003031
35,2.95919,0.35900,-2.04659,0.08704,-1.36362,-1.40584,0.46959,1.59694,-0.16753,0.11756,1.38336,0.20082,0.36458,-0.07035,0.47006,0.97209,0.42301,0.05537,0.46246,1.33132,-0.18592,0.22663,0.96517,0.003072
36,2.95579,0.36107,-2.04666,0.08023,-1.36289,-1.38567,0.46970,1.59881,-0.17158,0.11973,1.38558,0.19649,0.36183,-0.06899,0.47009,0.97014,0.43164,0.04999,0.46305,1.33226,-0.18351,0.22140,0.98960,0.003150
37,2.95165,0.36314,-2.04563,0.07292,-1.36292,-1.36567,0.46974,1.60167,-0.17250,0.11927,1.38703,0.19462,0.35894,-0.06839,0.47011,0.96964,0.44286,0.04349,0.46198,1.33557,-0.18158,0.21706,1.01194,0.003221
38,2.94907,0.36529,-2.04583,0.06548,-1.36127,-1.34571,0.46987,1.60045,-0.17411,0.12017,1.38863,0.19145,0.35933,-0.06479,0.47006,0.96507,0.44560,0.03684,0.46265,1.33554,-0.18311,0.20986,1.02835,0.003273
39,2.94536,0.36781,-2.04572,0.05982,-1.36210,-1.32560,0.46984,1.60390,-0.17255,0.11876,1.38939,0.19027,0.35480,-0.06266,0.47009,0.96508,0.45634,0.02776,0.46309,1.33720,-0.17895,0.20439,1.04842,0.003337
40,2.94271,0.37068,-2.04644,0.05305,-1.36156,-1.30549,0.46994,1.60268,-0.17412,0.11762,1.39060,0.18768,0.35448,-0.05903,0.47006,0.96198,0.46097,0.02006,0.46336,1.33829,-0.18144,0.20086,1.05156,0.003347
41,2.93893,0.37221,-2.04626,0.04757,-1.36272,-1.28521,0.46990,1.60548,-0.17253,0.11609,1.39168,0.18023,0.34943,-0.05800,0.47012,0.96132,0.47242,0.01687,0.46377,1.34079,-0.17779,0.19588,1.07355,0.003417
42,2.93574,0.37442,-2.04697,0.04059,-1.36148,-1.26531,0.46998,1.60352,-0.17415,0.11741,1.39279,0.17298,0.35043,-0.05875,0.47009,0.95667,0.47839,0.01366,0.46354,1.34176,-0.17763,0.19266,1.09537,0.003487
43,2.93147,0.37749,-2.04680,0.03510,-1.36263,-1.24491,0.46992,1.60610,-0.17277,0.11758,1.39438,0.16845,0.34497,-0.05797,0.47014,0.95581,0.49146,0.00719,0.46293,1.34463,-0.17513,0.19079,1.09624,0.003489
44,2.92866,0.37936,-2.04675,0.02850,-1.36258,-1.22520,0.46999,1.60443,-0.17411,0.11647,1.39353,0.16370,0.34724,-0.05430,0.47005,0.95239,0.49461,0.00144,0.45877,1.34544,-0.17778,0.18635,1.11858,0.003561
45,2.92421,0.38168,-2.04561,0.02051,-1.36327,-1.20530,0.46996,1.60650,-0.17277,0.11275,1.39319,0.16130,0.34411,-0.05215,0.47013,0.95149,0.50317,-0.00408,0.46076,1.34813,-0.17600,0.18361,1.12434,0.003579
46,2.92126,0.38373,-2.04606,0.01541,-1.36276,-1.18507,0.47000,1.60470,-0.17425,0.10479,1.39581,0.16428,0.34067,-0.04810,0.47015,0.95434,0.50435,-0.00610,0.44830,1.35042,-0.17362,0.17927,1.12958,0.003596
47,2.91710,0.38558,-2.04542,0.00753,-1.36464,-1.16494,0.46997,1.60669,-0.17278,0.09696,1.39611,0.16769,0.33090,-0.04588,0.47013,0.96315,0.50392,-0.00882,0.45296,1.35015,-0.16302,0.17774,1.15192,0.003667
48,2.91453,0.38732,-2.04577,0.00182,-1.36743,-1.14511,0.47000,1.60576,-0.17415,0.09150,1.39495,0.16859,0.32386,-0.04139,0.47010,0.96827,0.50134,-0.00881,0.45243,1.35024,-0.15737,0.17991,1.17548,0.003742
49,2.91274,0.38889,-2.04466,-0.00550,-1.37050,-1.12527,0.47000,1.60502,-0.17399,0.09118,1.39315,0.17048,0.32058,-0.03863,0.47006,0.97251,0.49610,-0.01002,0.45545,1.34922,-0.15424,0.18144,1.19398,0.003801
50,2.90994,0.39116,-2.04463,-0.01166,-1.37283,-1.10524,0.47000,1.60542,-0.17392,0.09142,1.39155,0.16968,0.31944,-0.03581,0.47002,0.97607,0.48974,-0.00967,0.45688,1.35042,-0.15438,0.17991,1.19538,0.003805
51,2.90703,0.39260,-2.04394,-0.01695,-1.37434,-1.08519,0.46999,1.60556,-0.17386,0.09167,1.39099,0.16926,0.31751,-0.03131,0.47009,0.98018,0.48398,-0.01139,0.45502,1.35196,-0.15669,0.17811,1.21423,0.003865
52,2.90512,0.39442,-2.04481,-0.02317,-1.37723,-1.06520,0.47000,1.60468,-0.17410,0.08966,1.39001,0.16792,0.31647,-0.02885,0.47003,0.98198,0.47774,-0.01144,0.45654,1.35267,-0.15782,0.17969,1.23203,0.003922
53,2.90168,0.39670,-2.04529,-0.02745,-1.37944,-1.04539,0.46996,1.60636,-0.17327,0.08618,1.38774,0.16886,0.31151,-0.02591,0.47001,0.98575,0.47866,-0.01353,0.45676,1.35305,-0.15261,0.18078,1.25280,0.003988
54,2.89943,0.39935,-2.04660,-0.03270,-1.38132,-1.02549,0.47000,1.60422,-0.17413,0.08491,1.38639,0.16871,0.30955,-0.01898,0.46998,0.98508,0.47575,-0.01486,0.45746,1.35170,-0.15242,0.18121,1.26536,0.004028
55,2.89594,0.40184,-2.04736,-0.03566,-1.38311,-1.00581,0.46995,1.60644,-0.17268,0.08231,1.38379,0.17081,0.30611,-0.01270,0.46986,0.98405,0.48499,-0.01876,0.45819,1.35948,-0.15710,0.17806,1.26659,0.004032
56,2.89357,0.40463,-2.04905,-0.03996,-1.38334,-0.98600,0.47000,1.60380,-0.17418,0.08204,1.38203,0.17172,0.30752,-0.00474,0.46998,0.97664,0.48849,-0.02125,0.45838,1.36388,-0.17161,0.17518,1.29032,0.004107
57,2.89014,0.40725,-2.05006,-0.04345,-1.38602,-0.96621,0.46996,1.60651,-0.17216,0.08020,1.38008,0.17435,0.30281,0.00074,0.46975,0.97244,0.49916,-0.02203,0.45895,1.36930,-0.17574,0.17631,1.30900,0.004167
58,2.88802,0.40903,-2.04966,-0.04901,-1.38763,-0.94626,0.47000,1.60474,-0.17405,0.07858,1.37971,0.17574,0.30413,0.00556,0.46992,0.96535,0.50558,-0.02483,0.45946,1.36939,-0.18343,0.18112,1.30882,0.004166
59,2.88453,0.41009,-2.04869,-0.05443,-1.38903,-0.92614,0.46998,1.60604,-0.17325,0.08048,1.37947,0.17522,0.30462,0.01051,0.46999,0.95876,0.51446,-0.02584,0.45973,1.36678,-0.18566,0.18584,1.33396,0.004246
60,2.88212,0.41146,-2.04859,-0.06083,-1.39013,-0.90645,0.47000,1.60415,-0.17413,0.08169,1.37869,0.17688,0.30952,0.01249,0.46989,0.95021,0.52057,-0.02887,0.45998,1.36307,-0.18717,0.18765,1.35787,0.004322
61,2.87872,0.41244,-2.04681,-0.06657,-1.39270,-0.88634,0.46996,1.60664,-0.17218,0.07906,1.37801,0.18289,0.30788,0.01523,0.46985,0.94539,0.53154,-0.03426,0.46018,1.35998,-0.18400,0.19106,1.35769,0.004322
62,2.87567,0.41304,-2.04542,-0.07301,-1.39285,-0.86629,0.47000,1.60483,-0.17407,0.07561,1.37916,0.18954,0.31051,0.02223,0.47000,0.93863,0.53453,-0.03808,0.46051,1.35573,-0.18807,0.19162,1.38701,0.004415
63,2.87220,0.41329,-2.04358,-0.07953,-1.39484,-0.84628,0.46998,1.60633,-0.17322,0.07113,1.37888,0.19281,0.30890,0.02884,0.46997,0.93361,0.54103,-0.03771,0.46082,1.35175,-0.18599,0.19399,1.40447,0.004471
64,2.87063,0.41461,-2.04348,-0.08572,-1.39771,-0.82588,0.47000,1.60418,-0.17425,0.06334,1.38097,0.19583,0.31146,0.03208,0.47005,0.92994,0.53854,-0.03737,0.45493,1.34057,-0.17741,0.19597,1.42628,0.004540
65,2.86873,0.41547,-2.04278,-0.08916,-1.40255,-0.80592,0.46996,1.60634,-0.17262,0.05493,1.37960,0.20118,0.30535,0.03578,0.46987,0.93027,0.54798,-0.04060,0.45692,1.34180,-0.17477,0.20174,1.44461,0.004598
66,2.86689,0.41702,-2.04313,-0.09369,-1.40673,-0.78614,0.47000,1.60494,-0.17410,0.04936,1.37880,0.20569,0.30552,0.03776,0.46983,0.92806,0.54823,-0.04317,0.45667,1.33672,-0.17342,0.20677,1.46555,0.004665
67,2.86307,0.41825,-2.04264,-0.09766,-1.40898,-0.76653,0.46997,1.60646,-0.17268,0.04932,1.37255,0.20598,0.30539,0.03922,0.46930,0.92709,0.55557,-0.04575,0.45746,1.34326,-0.17799,0.20766,1.47166,0.004684
68,2.85963,0.42019,-2.04340,-0.10217,-1.40889,-0.74704,0.47000,1.60421,-0.17412,0.05011,1.37299,0.20524,0.30831,0.04389,0.46924,0.92205,0.55382,-0.04630,0.45845,1.34228,-0.18423,0.20822,1.49487,0.004758
69,2.85554,0.42157,-2.04314,-0.10607,-1.41042,-0.72689,0.46997,1.60634,-0.17239,0.04822,1.37356,0.20686,0.30705,0.04732,0.46939,0.92129,0.55583,-0.04862,0.45925,1.33944,-0.18307,0.21247,1.49697,0.004765
70,2.85189,0.42322,-2.04394,-0.11038,-1.41181,-0.70630,0.47000,1.60497,-0.17410,0.04391,1.37679,0.20724,0.30930,0.05258,0.47005,0.91987,0.55085,-0.05316,0.45394,1.32752,-0.17679,0.21571,1.52210,0.004845
71,2.84892,0.42415,-2.04372,-0.11415,-1.41531,-0.68622,0.46998,1.60569,-0.17378,0.03977,1.37711,0.20946,0.30435,0.05565,0.46994,0.92166,0.55475,-0.05625,0.45682,1.32670,-0.17188,0.22218,1.54514,0.004918
72,2.84626,0.42568,-2.04457,-0.11850,-1.41829,-0.66690,0.47000,1.60434,-0.17403,0.03911,1.37453,0.21027,0.30689,0.05571,0.46928,0.91905,0.55308,-0.05508,0.45806,1.32765,-0.17852,0.22795,1.55683,0.004956
73,2.84192,0.42703,-2.04451,-0.12118,-1.41921,-0.64708,0.46996,1.60626,-0.17273,0.03775,1.37261,0.21335,0.30866,0.05662,0.46914,0.91892,0.55318,-0.05364,0.45937,1.32654,-0.17822,0.23120,1.56975,0.004997
74,2.83883,0.42850,-2.04526,-0.12498,-1.42208,-0.62717,0.47000,1.60493,-0.17415,0.03251,1.37272,0.21428,0.30684,0.06173,0.46906,0.91700,0.55272,-0.05548,0.46014,1.32388,-0.17982,0.23586,1.58982,0.005061
75,2.83521,0.42942,-2.04501,-0.12826,-1.42574,-0.60743,0.46998,1.60667,-0.17266,0.02766,1.36815,0.21731,0.30377,0.06647,0.46858,0.91604,0.55771,-0.05856,0.46021,1.32361,-0.17744,0.23881,1.61111,0.005128
76,2.83314,0.43079,-2.04573,-0.13234,-1.42731,-0.58766,0.47000,1.60406,-0.17413,0.01977,1.36921,0.21899,0.30993,0.06802,0.46867,0.91116,0.55583,-0.06385,0.46070,1.31890,-0.18008,0.24019,1.61897,0.005153
77,2.83057,0.43139,-2.04559,-0.13399,-1.43019,-0.56761,0.46996,1.60650,-0.17215,0.01293,1.36917,0.21577,0.30971,0.07010,0.46870,0.90896,0.56504,-0.06749,0.46087,1.31908,-0.18765,0.23894,1.63939,0.005218
78,2.82622,0.43327,-2.04664,-0.13687,-1.43289,-0.54815,0.47000,1.60615,-0.17406,0.01020,1.36579,0.21194,0.31016,0.07011,0.46824,0.90335,0.57352,-0.06847,0.46039,1.32258,-0.18957,0.23919,1.64148,0.005225
79,2.82317,0.43438,-2.04652,-0.13888,-1.43505,-0.52872,0.46997,1.60617,-0.17378,0.00727,1.36330,0.21143,0.31183,0.07179,0.46814,0.89792,0.58059,-0.07049,0.46069,1.32234,-0.19326,0.24328,1.65091,0.005255
80,2.81787,0.43592,-2.04760,-0.14218,-1.43559,-0.50844,0.46999,1.60585,-0.17375,0.00753,1.36652,0.20988,0.31380,0.07377,0.46847,0.89156,0.58565,-0.07068,0.46094,1.31911,-0.19554,0.24718,1.67342,0.005327
81,2.81424,0.43646,-2.04750,-0.14438,-1.43765,-0.48884,0.46996,1.60617,-0.17374,0.00930,1.36747,0.21123,0.32007,0.07265,0.46830,0.88651,0.59596,-0.07303,0.46148,1.31701,-0.19470,0.24778,1.69751,0.005403
82,2.80968,0.43778,-2.04841,-0.14815,-1.43889,-0.46891,0.46999,1.60522,-0.17379,0.01250,1.36773,0.21073,0.31739,0.07250,0.46809,0.88000,0.60368,-0.07673,0.46132,1.31516,-0.19216,0.24674,1.69838,0.005406
83,2.80558,0.43860,-2.04839,-0.14963,-1.43933,-0.44883,0.46995,1.60627,-0.17375,0.01346,1.36775,0.21297,0.31821,0.07096,0.46823,0.87664,0.61233,-0.07787,0.46183,1.31390,-0.19187,0.24680,1.71723,0.005466
84,2.80135,0.43946,-2.04917,-0.15296,-1.44113,-0.42901,0.46998,1.60525,-0.17389,0.01526,1.36874,0.21349,0.32063,0.07181,0.46816,0.87039,0.61698,-0.07744,0.46212,1.31110,-0.19156,0.24989,1.74341,0.005549
85,2.79655,0.44064,-2.04931,-0.15466,-1.44284,-0.40888,0.46995,1.60666,-0.17298,0.01563,1.36849,0.21618,0.31789,0.07098,0.46812,0.86790,0.62902,-0.07905,0.46238,1.31149,-0.19097,0.25214,1.74463,0.005553
86,2.79464,0.44118,-2.04996,-0.15654,-1.44696,-0.38926,0.46996,1.60480,-0.17413,0.01386,1.36863,0.21708,0.31995,0.07243,0.46800,0.86262,0.63401,-0.08085,0.46239,1.31105,-0.19316,0.25014,1.76680,0.005624
87,2.79191,0.44164,-2.04983,-0.15926,-1.44959,-0.36941,0.46995,1.60556,-0.17342,0.01247,1.36869,0.21591,0.32407,0.07208,0.46808,0.85920,0.63764,-0.08491,0.46272,1.30965,-0.19240,0.24781,1.79158,0.005703
88,2.78704,0.44065,-2.04761,-0.16255,-1.45322,-0.34902,0.46995,1.60763,-0.17200,0.00812,1.36992,0.20910,0.32218,0.06767,0.46833,0.86040,0.64340,-0.08729,0.46315,1.31074,-0.18912,0.24772,1.79088,0.005701
89,2.78287,0.43994,-2.04745,-0.16559,-1.45489,-0.32884,0.46995,1.60556,-0.17414,0.00485,1.37177,0.20129,0.32344,0.06378,0.46882,0.85931,0.64599,-0.08959,0.46365,1.31165,-0.19092,0.24565,1.81148,0.005766
90,2.77735,0.44075,-2.04720,-0.16791,-1.45675,-0.30906,0.46994,1.60709,-0.17247,0.00091,1.37136,0.19624,0.32255,0.06204,0.46856,0.85784,0.65425,-0.09539,0.46415,1.31314,-0.19127,0.24612,1.82928,0.005823
91,2.77347,0.44209,-2.04806,-0.16892,-1.46001,-0.28938,0.46994,1.60594,-0.17406,-0.00181,1.37135,0.19642,0.32368,0.05882,0.46834,0.85532,0.66048,-0.10040,0.46442,1.31490,-0.19278,0.24489,1.83085,0.005828
92,2.76867,0.44198,-2.04788,-0.16977,-1.46277,-0.26955,0.46993,1.60742,-0.17256,-0.00383,1.37041,0.19752,0.32277,0.05331,0.46799,0.85586,0.66715,-0.10149,0.46439,1.31682,-0.19053,0.24361,1.85197,0.005895
93,2.76507,0.44166,-2.04666,-0.17294,-1.46601,-0.25004,0.46992,1.60580,-0.17391,-0.00208,1.36977,0.19577,0.32419,0.04965,0.46768,0.85482,0.66921,-0.10295,0.46432,1.31877,-0.19196,0.24255,1.85598,0.005908
94,2.76015,0.44158,-2.04653,-0.17338,-1.46929,-0.22990,0.46993,1.60724,-0.17287,-0.00081,1.37209,0.18865,0.32689,0.04997,0.46799,0.85177,0.66750,-0.10225,0.46483,1.31914,-0.19332,0.23845,1.87710,0.005975
95,2.75663,0.44161,-2.04540,-0.17642,-1.47269,-0.20974,0.46991,1.60581,-0.17388,-0.00317,1.37356,0.18052,0.32869,0.05019,0.46836,0.85005,0.66630,-0.10347,0.46517,1.31914,-0.19513,0.23605,1.87693,0.005974
96,2.75375,0.44163,-2.04614,-0.17649,-1.47632,-0.18965,0.46992,1.60616,-0.17394,-0.00971,1.37558,0.17530,0.33191,0.04682,0.46857,0.84974,0.66530,-0.10309,0.46542,1.31810,-0.19572,0.23474,1.90223,0.006055
97,2.74867,0.44245,-2.04637,-0.17839,-1.47814,-0.16988,0.46991,1.60664,-0.17332,-0.01608,1.37579,0.17561,0.33421,0.04255,0.46845,0.84913,0.66638,-0.10495,0.46546,1.31793,-0.19381,0.23567,1.92684,0.006133
98,2.74568,0.44296,-2.04745,-0.17664,-1.48248,-0.14996,0.46991,1.60659,-0.17397,-0.01898,1.37580,0.17707,0.33211,0.04092,0.46828,0.84933,0.67041,-0.10536,0.46522,1.31899,-0.19178,0.23498,1.92719,0.006134
99,2.74137,0.44213,-2.04686,-0.17755,-1.48480,-0.12975,0.46990,1.60681,-0.17329,-0.01590,1.37645,0.17650,0.33111,0.03796,0.46831,0.84971,0.67650,-0.10786,0.46522,1.32114,-0.19120,0.23442,1.95145,0.006212
100,2.73830,0.44138,-2.04552,-0.18080,-1.48867,-0.11039,0.46988,1.60516,-0.17391,-0.01162,1.37601,0.17369,0.33580,0.03377,0.46799,0.84683,0.67716,-0.11091,0.46491,1.32082,-0.19443,0.23644,1.97414,0.006284
101,2.73417,0.43996,-2.04372,-0.18161,-1.49170,-0.09005,0.46990,1.60718,-0.17221,-0.00978,1.37658,0.17231,0.33585,0.02642,0.46808,0.84834,0.67952,-0.11054,0.46496,1.32144,-0.19227,0.23666,1.97484,0.006286
102,2.73091,0.43937,-2.04427,-0.18317,-1.49423,-0.07020,0.46988,1.60502,-0.17415,-0.01313,1.37772,0.16888,0.34265,0.02039,0.46820,0.84704,0.67668,-0.11114,0.46556,1.31927,-0.19448,0.23521,1.99701,0.006357
103,2.72645,0.44018,-2.04516,-0.18175,-1.49713,-0.05011,0.46989,1.60710,-0.17222,-0.01885,1.37743,0.16705,0.34109,0.01817,0.46807,0.84769,0.68070,-0.11402,0.46601,1.31973,-0.19042,0.23657,2.02022,0.006431
104,2.72377,0.44040,-2.04595,-0.18179,-1.50191,-0.03052,0.46988,1.60559,-0.17398,-0.02304,1.37659,0.16982,0.34389,0.01585,0.46773,0.84420,0.68291,-0.11553,0.46565,1.31880,-0.19161,0.23825,2.02179,0.006436
105,2.71971,0.43950,-2.04529,-0.18157,-1.50434,-0.01029,0.46988,1.60700,-0.17263,-0.02272,1.37575,0.17294,0.34335,0.01301,0.46763,0.84326,0.68918,-0.11447,0.46560,1.31981,-0.18905,0.23630,2.04587,0.006512
106,2.71682,0.43889,-2.04510,-0.18388,-1.50889,0.00870,0.46987,1.60475,-0.17398,-0.02232,1.37357,0.17279,0.34821,0.01348,0.46696,0.83849,0.68713,-0.11543,0.46479,1.31843,-0.19106,0.23552,2.06525,0.006574
107,2.71268,0.43788,-2.04384,-0.18440,-1.51056,0.02903,0.46987,1.60702,-0.17196,-0.02519,1.37313,0.17379,0.34877,0.01265,0.46713,0.83908,0.68831,-0.11657,0.46484,1.31716,-0.18991,0.23788,2.06682,0.006579
108,2.70982,0.43684,-2.04325,-0.18552,-1.51506,0.04838,0.46986,1.60559,-0.17401,-0.02793,1.37234,0.17216,0.35259,0.01143,0.46684,0.83598,0.68677,-0.11529,0.46425,1.31689,-0.19252,0.24012,2.08881,0.006649
109,2.70620,0.43547,-2.04175,-0.18512,-1.51792,0.06832,0.46987,1.60731,-0.17238,-0.03037,1.37148,0.17209,0.35254,0.00700,0.46675,0.83675,0.68939,-0.11507,0.46378,1.31870,-0.19215,0.23862,2.10557,0.006702
110,2.70425,0.43461,-2.04104,-0.18663,-1.52248,0.08759,0.46984,1.60513,-0.17407,-0.03594,1.37109,0.17080,0.35977,0.00388,0.46650,0.83271,0.68589,-0.11369,0.46336,1.31771,-0.19664,0.23755,2.13157,0.006785
111,2.70165,0.43264,-2.03934,-0.18595,-1.52640,0.10811,0.46987,1.60730,-0.17182,-0.04299,1.37170,0.17203,0.36064,-0.00064,0.46683,0.83337,0.68770,-0.11415,0.46327,1.31724,-0.19339,0.23995,2.15094,0.006847
112,2.69870,0.43138,-2.03872,-0.18708,-1.52996,0.12797,0.46985,1.60560,-0.17401,-0.04783,1.37230,0.17158,0.36504,-0.00246,0.46705,0.83028,0.68655,-0.11326,0.46249,1.31329,-0.19639,0.24219,2.16648,0.006896
113,2.69444,0.42967,-2.03717,-0.18597,-1.53271,0.14824,0.46988,1.60775,-0.17167,-0.05148,1.37148,0.17334,0.36306,-0.00599,0.46701,0.83091,0.69178,-0.11348,0.46198,1.31450,-0.19268,0.24095,2.18602,0.006958
114,2.69122,0.42868,-2.03639,-0.18660,-1.53681,0.16753,0.46985,1.60578,-0.17403,-0.05393,1.37068,0.17348,0.36689,-0.00703,0.46666,0.82492,0.69343,-0.11240,0.46175,1.31345,-0.19523,0.24007,2.20714,0.007026
115,2.68919,0.42664,-2.03506,-0.18498,-1.54026,0.18781,0.46986,1.60721,-0.17270,-0.05880,1.37066,0.17583,0.36751,-0.00996,0.46678,0.82343,0.69834,-0.11310,0.46198,1.31274,-0.19348,0.24258,2.21570,0.007053
116,2.68533,0.42557,-2.03558,-0.18544,-1.54289,0.20773,0.46985,1.60540,-0.17398,-0.06217,1.37134,0.17636,0.37160,-0.01053,0.46685,0.81844,0.70015,-0.11223,0.46196,1.30938,-0.19559,0.24468,2.23594,0.007117
117,2.68169,0.42486,-2.03565,-0.18381,-1.54569,0.22779,0.46985,1.60671,-0.17288,-0.06532,1.37013,0.17922,0.37324,-0.01311,0.46684,0.81541,0.70457,-0.11014,0.46205,1.30743,-0.19144,0.24462,2.25846,0.007189
118,2.67971,0.42361,-2.03563,-0.18238,-1.55101,0.24764,0.46985,1.60570,-0.17388,-0.06777,1.36930,0.18005,0.37574,-0.01351,0.46667,0.81031,0.70808,-0.11066,0.46177,1.30552,-0.19097,0.24642,2.26072,0.007196
119,2.67642,0.42131,-2.03373,-0.18199,-1.55438,0.26774,0.46986,1.60696,-0.17259,-0.06965,1.36785,0.18134,0.37668,-0.01589,0.46657,0.80724,0.71303,-0.10954,0.46209,1.30532,-0.18939,0.24581,2.28429,0.007271
120,2.67454,0.41959,-2.03253,-0.18146,-1.55845,0.28733,0.46983,1.60565,-0.17395,-0.06775,1.36745,0.18045,0.38032,-0.01853,0.46643,0.80458,0.71217,-0.10641,0.46248,1.30553,-0.19154,0.24242,2.29790,0.007314
121,2.67191,0.41715,-2.03132,-0.17979,-1.56293,0.30708,0.46986,1.60668,-0.17301,-0.06634,1.36677,0.18159,0.38249,-0.02494,0.46618,0.80547,0.71104,-0.10497,0.46279,1.30693,-0.19065,0.24049,2.32146,0.007389
122,2.67011,0.41517,-2.03093,-0.17972,-1.56632,0.32635,0.46982,1.60511,-0.17393,-0.06386,1.36624,0.18094,0.38945,-0.03067,0.46619,0.80607,0.70462,-0.10429,0.46258,1.30570,-0.19336,0.24176,2.33455,0.007431
123,2.66833,0.41340,-2.02926,-0.17729,-1.57074,0.34632,0.46984,1.60679,-0.17251,-0.06392,1.36602,0.18222,0.39219,-0.03948,0.46641,0.80871,0.70136,-0.10068,0.46208,1.30840,-0.19356,0.24236,2.36073,0.007514
124,2.66906,0.41087,-2.02779,-0.17579,-1.57706,0.36578,0.46982,1.60540,-0.17395,-0.06639,1.36696,0.18291,0.39973,-0.04699,0.46673,0.80907,0.69305,-0.09833,0.46198,1.30599,-0.19601,0.24181,2.37731,0.007567
125,2.66881,0.40881,-2.02664,-0.17156,-1.58226,0.38623,0.46984,1.60674,-0.17294,-0.06735,1.36915,0.18493,0.40248,-0.05714,0.46742,0.81158,0.69323,-0.09346,0.46265,1.30705,-0.19305,0.24081,2.40594,0.007658
126,2.66770,0.40792,-2.02705,-0.16891,-1.58801,0.40582,0.46983,1.60499,-0.17398,-0.06944,1.36993,0.18474,0.40880,-0.06562,0.46746,0.80827,0.69169,-0.09086,0.46331,1.30419,-0.19687,0.24338,2.43037,0.007736
127,2.66556,0.40689,-2.02714,-0.16411,-1.59142,0.42591,0.46985,1.60688,-0.17231,-0.06978,1.36875,0.18650,0.41169,-0.07581,0.46740,0.80645,0.69726,-0.08893,0.46379,1.30410,-0.19239,0.24531,2.45638,0.007819
128,2.66076,0.40677,-2.02854,-0.16117,-1.59428,0.44564,0.46986,1.60560,-0.17395,-0.06937,1.36737,0.18606,0.41819,-0.08352,0.46719,0.80208,0.69719,-0.08468,0.46298,1.30338,-0.19449,0.24926,2.46109,0.007834
129,2.65763,0.40563,-2.02906,-0.15621,-1.59609,0.46565,0.46986,1.60721,-0.17268,-0.06935,1.36271,0.18773,0.42079,-0.08960,0.46703,0.79954,0.70348,-0.08149,0.46269,1.30429,-0.19058,0.25068,2.46755,0.007854
130,2.65776,0.40448,-2.02924,-0.15273,-1.60136,0.48523,0.46983,1.60544,-0.17392,-0.06946,1.36154,0.19212,0.42458,-0.09120,0.46701,0.79224,0.70973,-0.08249,0.46251,1.30243,-0.19374,0.25325,2.48099,0.007897
131,2.65772,0.40258,-2.02794,-0.14795,-1.60785,0.50526,0.46986,1.60676,-0.17282,-0.07299,1.35922,0.19766,0.42607,-0.09303,0.46697,0.78661,0.72125,-0.08343,0.46145,1.30161,-0.19447,0.25763,2.51013,0.007990
132,2.65837,0.40072,-2.02740,-0.14519,-1.61386,0.52289,0.46985,1.60573,-0.17410,-0.07702,1.35403,0.20061,0.43346,-0.09818,0.46665,0.77729,0.72898,-0.08557,0.46104,1.30002,-0.19828,0.25889,2.52514,0.008038
133,2.65708,0.39868,-2.02650,-0.14103,-1.61557,0.54189,0.46986,1.60758,-0.17222,-0.07925,1.35636,0.20411,0.43543,-0.10893,0.46681,0.77490,0.74015,-0.08479,0.46123,1.30056,-0.19526,0.25900,2.55132,0.008121
134,2.65452,0.39764,-2.02718,-0.13686,-1.61787,0.55996,0.46987,1.60681,-0.17405,-0.08193,1.35819,0.20411,0.43858,-0.12024,0.46696,0.77200,0.74759,-0.08569,0.46104,1.30227,-0.19620,0.25943,2.55761,0.008141
135,2.65300,0.39642,-2.02704,-0.13125,-1.62189,0.57869,0.46987,1.60736,-0.17325,-0.08503,1.35508,0.20525,0.44198,-0.13041,0.46699,0.76904,0.75639,-0.08450,0.46086,1.30472,-0.19727,0.26352,2.58326,0.008223
136,2.65170,0.39606,-2.02805,-0.12685,-1.62658,0.59598,0.46987,1.60592,-0.17407,-0.08737,1.35411,0.20682,0.44927,-0.13644,0.46712,0.76103,0.76044,-0.08510,0.46060,1.30035,-0.19708,0.26702,2.59635,0.008264
137,2.65080,0.39436,-2.02783,-0.12046,-1.62897,0.61416,0.46989,1.60808,-0.17170,-0.08976,1.34788,0.21237,0.44941,-0.14281,0.46707,0.75456,0.77525,-0.08322,0.46089,1.30167,-0.19239,0.26781,2.60525,0.008293
138,2.64663,0.39318,-2.02882,-0.11601,-1.63133,0.63250,0.46990,1.60661,-0.17434,-0.09158,1.33916,0.21723,0.45433,-0.14583,0.46705,0.74707,0.78042,-0.07764,0.46106,1.30139,-0.19496,0.27044,2.61730,0.008331
139,2.64333,0.39054,-2.02835,-0.11391,-1.63145,0.65151,0.46988,1.60711,-0.17320,-0.08960,1.34071,0.21941,0.45689,-0.14766,0.46738,0.74351,0.78185,-0.07207,0.46151,1.29926,-0.19256,0.27093,2.63004,0.008372
140,2.63939,0.38730,-2.02649,-0.11319,-1.63296,0.67031,0.46989,1.60671,-0.17395,-0.08809,1.33609,0.22253,0.46085,-0.15114,0.46757,0.74329,0.77816,-0.07021,0.46163,1.29767,-0.19218,0.27229,2.64365,0.008415
141,2.63763,0.38448,-2.02604,-0.10884,-1.63292,0.68921,0.46988,1.60794,-0.17306,-0.09028,1.33784,0.22314,0.46059,-0.15396,0.46789,0.74670,0.77693,-0.07133,0.46202,1.29794,-0.18955,0.27085,2.65761,0.008459
142,2.63611,0.38231,-2.02434,-0.10543,-1.63492,0.70622,0.46990,1.60808,-0.17321,-0.09644,1.33623,0.22492,0.45826,-0.15598,0.46802,0.74969,0.77778,-0.07269,0.46210,1.30070,-0.18971,0.27087,2.67053,0.008501
143,2.63419,0.37970,-2.02288,-0.10413,-1.63538,0.72212,0.46990,1.60783,-0.17409,-0.10227,1.33023,0.22893,0.46308,-0.15752,0.46790,0.74736,0.77481,-0.07091,0.46189,1.30126,-0.19851,0.27475,2.67960,0.008529
144,2.63473,0.37632,-2.02145,-0.10081,-1.63885,0.73898,0.46989,1.60747,-0.17369,-0.10452,1.32985,0.23128,0.46505,-0.15869,0.46779,0.74625,0.77366,-0.06787,0.46191,1.29939,-0.19816,0.27858,2.70264,0.008603
145,2.63403,0.37432,-2.02134,-0.09617,-1.64282,0.75609,0.46990,1.60680,-0.17405,-0.10738,1.32974,0.23091,0.46603,-0.15951,0.46764,0.74646,0.77141,-0.06736,0.46174,1.29803,-0.19717,0.27924,2.72114,0.008662
146,2.63536,0.37125,-2.01985,-0.09206,-1.64503,0.77395,0.46989,1.60790,-0.17272,-0.10737,1.33486,0.23204,0.46255,-0.16032,0.46769,0.74861,0.77244,-0.06512,0.46197,1.29793,-0.19381,0.28040,2.74121,0.008726
147,2.63506,0.36963,-2.01997,-0.08946,-1.64830,0.78864,0.46989,1.60641,-0.17405,-0.10852,1.33937,0.23440,0.46502,-0.16072,0.46754,0.74662,0.77385,-0.06540,0.46179,1.29566,-0.19802,0.28181,2.77019,0.008818
148,2.63557,0.36686,-2.01872,-0.08488,-1.64993,0.80522,0.46990,1.60837,-0.17175,-0.11203,1.34268,0.24005,0.45937,-0.16126,0.46758,0.74737,0.78007,-0.06367,0.46205,1.29573,-0.19228,0.28445,2.79375,0.008893
149,2.63400,0.36507,-2.01899,-0.08143,-1.65163,0.81863,0.46991,1.60756,-0.17391,-0.11400,1.33935,0.24457,0.47860,-0.16141,0.46747,0.73571,0.76637,-0.06478,0.46160,1.28666,-0.20444,0.28472,2.80265,0.008921
150,2.63410,0.36177,-2.01766,-0.07840,-1.65309,0.83456,0.46990,1.60795,-0.17310,-0.11283,1.34078,0.24511,0.48016,-0.16170,0.46743,0.73288,0.76719,-0.06351,0.46200,1.28117,-0.19613,0.28633,2.80248,0.008921
151,2.63462,0.35890,-2.01657,-0.07698,-1.65749,0.85058,0.46989,1.60609,-0.17379,-0.11262,1.34242,0.24573,0.48641,-0.16176,0.46743,0.73006,0.76284,-0.06435,0.46225,1.27512,-0.19619,0.28650,2.82394,0.008989
152,2.63825,0.35570,-2.01481,-0.07319,-1.66200,0.86725,0.46988,1.60751,-0.17264,-0.11647,1.34786,0.24811,0.48500,-0.16200,0.46790,0.73027,0.76461,-0.06263,0.46317,1.27073,-0.18901,0.28570,2.84890,0.009068
153,2.64107,0.35415,-2.01470,-0.06832,-1.66782,0.88049,0.46990,1.60686,-0.17395,-0.12007,1.34955,0.25121,0.48338,-0.16200,0.46755,0.72798,0.77253,-0.06358,0.46344,1.27261,-0.19549,0.28830,2.87787,0.009161
154,2.64450,0.35242,-2.01424,-0.06161,-1.67382,0.89508,0.46990,1.60730,-0.17323,-0.12014,1.34675,0.25228,0.48406,-0.16200,0.46721,0.72528,0.77831,-0.06280,0.46345,1.27330,-0.19537,0.29002,2.90126,0.009235
155,2.64714,0.35152,-2.01486,-0.05710,-1.68047,0.90996,0.46989,1.60564,-0.17389,-0.12086,1.34950,0.25488,0.48856,-0.16200,0.46708,0.71761,0.78129,-0.06391,0.46353,1.26901,-0.19772,0.29225,2.92343,0.009306
156,2.64862,0.35110,-2.01549,-0.05089,-1.68369,0.92610,0.46989,1.60661,-0.17317,-0.11874,1.35207,0.25732,0.48898,-0.16200,0.46714,0.71459,0.78737,-0.06277,0.46408,1.26703,-0.19412,0.29153,2.94612,0.009378
157,2.65069,0.35024,-2.01647,-0.04516,-1.68971,0.93935,0.46990,1.60596,-0.17372,-0.11751,1.35608,0.25922,0.48955,-0.16201,0.46774,0.71681,0.78561,-0.06343,0.46484,1.26609,-0.19446,0.29177,2.96531,0.009439
158,2.65160,0.34860,-2.01584,-0.03798,-1.69344,0.95381,0.46993,1.60754,-0.17189,-0.12029,1.35336,0.26171,0.48592,-0.16199,0.46766,0.71937,0.78538,-0.06269,0.46525,1.26902,-0.19252,0.29136,2.97771,0.009478
159,2.65071,0.34662,-2.01537,-0.03291,-1.69450,0.96684,0.46994,1.60794,-0.17231,-0.12462,1.34853,0.26138,0.48722,-0.16199,0.46787,0.72083,0.78181,-0.06280,0.46424,1.27111,-0.19473,0.29399,2.98521,0.009502
160,2.65197,0.34379,-2.01392,-0.02892,-1.69823,0.98074,0.46993,1.60753,-0.17372,-0.12680,1.34479,0.26257,0.48997,-0.16200,0.46799,0.71910,0.78018,-0.06445,0.46376,1.27017,-0.19597,0.29555,2.99062,0.009519
161,2.65405,0.34186,-2.01370,-0.02463,-1.70237,0.99263,0.46993,1.60718,-0.17394,-0.12820,1.34075,0.26647,0.49439,-0.16200,0.46790,0.71549,0.77991,-0.06398,0.46343,1.26711,-0.19563,0.29901,2.99690,0.009539
162,2.65563,0.33949,-2.01253,-0.02005,-1.70563,1.00602,0.46994,1.60766,-0.17330,-0.12863,1.34187,0.26941,0.49420,-0.16200,0.46787,0.71405,0.78209,-0.06264,0.46328,1.26513,-0.19319,0.30085,3.00965,0.009580
163,2.65807,0.33762,-2.01246,-0.01649,-1.71040,1.01561,0.46993,1.60720,-0.17384,-0.12986,1.34112,0.27113,0.49868,-0.16200,0.46788,0.71016,0.78452,-0.06412,0.46326,1.26173,-0.19451,0.30336,3.03076,0.009647
164,2.65861,0.33648,-2.01181,-0.01067,-1.71382,1.02758,0.46995,1.60768,-0.17327,-0.13246,1.33059,0.27415,0.50048,-0.16200,0.46779,0.70779,0.78755,-0.06441,0.46304,1.26192,-0.19193,0.30345,3.04141,0.009681
165,2.66030,0.33503,-2.01167,-0.00636,-1.71550,1.03835,0.46993,1.60825,-0.17355,-0.13276,1.33571,0.27580,0.49991,-0.16200,0.46793,0.70532,0.79122,-0.06489,0.46316,1.26175,-0.19295,0.30469,3.04403,0.009689
166,2.66066,0.33235,-2.01038,-0.00384,-1.71907,1.04994,0.46996,1.60708,-0.17388,-0.13466,1.33151,0.27908,0.50263,-0.16199,0.46791,0.70270,0.79404,-0.06400,0.46241,1.26224,-0.19442,0.30384,3.06811,0.009766
167,2.66181,0.32990,-2.01012,-0.00026,-1.72086,1.06295,0.46993,1.60762,-0.17369,-0.13442,1.33276,0.28067,0.50330,-0.16200,0.46821,0.70044,0.79546,-0.06494,0.46154,1.26227,-0.19315,0.30450,3.07178,0.009778
168,2.66254,0.32863,-2.00867,0.00333,-1.72463,1.07525,0.46996,1.60709,-0.17378,-0.13591,1.32607,0.28218,0.50821,-0.16200,0.46823,0.69798,0.79490,-0.06851,0.46090,1.26040,-0.19596,0.30957,3.08784,0.009829
169,2.66584,0.32687,-2.00744,0.00573,-1.72630,1.08414,0.46992,1.60886,-0.17198,-0.14010,1.33289,0.28406,0.50672,-0.16200,0.46843,0.69765,0.79958,-0.07011,0.46101,1.25779,-0.19599,0.31776,3.08784,0.009829
170,2.66851,0.32487,-2.00601,0.00994,-1.72969,1.09350,0.46995,1.60859,-0.17268,-0.14324,1.34072,0.28470,0.50664,-0.16200,0.46892,0.69506,0.79913,-0.06736,0.46119,1.25433,-0.20305,0.32521,3.12257,0.009939
171,2.66815,0.32254,-2.00550,0.01200,-1.73036,1.10439,0.46995,1.60772,-0.17406,-0.14530,1.34647,0.28620,0.51047,-0.16200,0.46931,0.69273,0.79545,-0.06431,0.46118,1.24745,-0.20040,0.32875,3.14159,0.010000
172,2.66497,0.31918,-2.00615,0.01541,-1.72685,1.11256,0.46997,1.60917,-0.17172,-0.14968,1.35039,0.28558,0.49519,-0.16200,0.46984,0.70339,0.80093,-0.06340,0.46126,1.24935,-0.18787,0.33361,3.14159,0.010000
173,2.66177,0.31480,-2.00547,0.02033,-1.72327,1.11416,0.46999,1.61007,-0.16778,-0.15564,1.35676,0.27966,0.48023,-0.16200,0.47006,0.71246,0.80888,-0.06737,0.46168,1.25476,-0.18829,0.34177,3.14159,0.010000
174,2.66043,0.31005,-2.00436,0.02474,-1.72055,1.10814,0.47000,1.60994,-0.16581,-0.15947,1.35591,0.26597,0.46702,-0.16199,0.46997,0.72081,0.81677,-0.07279,0.46221,1.25918,-0.19031,0.35623,3.14159,0.010000
175,2.66065,0.30599,-2.00356,0.02553,-1.71951,1.09711,0.46997,1.60761,-0.16604,-0.15964,1.35771,0.24670,0.46209,-0.16200,0.46724,0.73256,0.82456,-0.07650,0.46176,1.26020,-0.18745,0.37844,3.13828,0.009989
176,2.66237,0.30304,-2.00112,0.02264,-1.71866,1.08334,0.46996,1.60407,-0.16434,-0.16037,1.36258,0.22246,0.45383,-0.16200,0.45997,0.73696,0.81452,-0.08080,0.46211,1.25201,-0.19021,0.40271,3.11245,0.009907
177,2.66252,0.30055,-1.99642,0.01798,-1.72076,1.07191,0.46998,1.59952,-0.16733,-0.15820,1.36519,0.19780,0.44675,-0.16200,0.45107,0.74508,0.80892,-0.08368,0.46192,1.24923,-0.18986,0.42708,3.08225,0.009811
178,2.66260,0.29654,-1.99248,0.01387,-1.72291,1.06652,0.46997,1.59960,-0.17184,-0.15047,1.36456,0.17785,0.44568,-0.16200,0.44464,0.75130,0.80096,-0.08178,0.46151,1.24753,-0.19246,0.44820,3.05991,0.009740
179,2.65941,0.29326,-1.98974,0.01140,-1.72251,1.06727,0.46998,1.60051,-0.17402,-0.13745,1.36075,0.16405,0.44877,-0.16198,0.44377,0.75457,0.78781,-0.07938,0.46063,1.24194,-0.19754,0.46310,3.05991,0.009740
180,2.65692,0.29117,-1.98687,0.00948,-1.72215,1.06830,0.46996,1.60243,-0.17376,-0.12375,1.36394,0.15775,0.44232,-0.16200,0.44522,0.76064,0.78362,-0.07604,0.46068,1.23879,-0.19092,0.46891,3.05991,0.009740
181,2.65552,0.28832,-1.98258,0.00972,-1.72171,1.06451,0.46998,1.60576,-0.17059,-0.11288,1.37011,0.15917,0.42924,-0.16200,0.44989,0.76879,0.78887,-0.07589,0.46229,1.24459,-0.18268,0.46437,3.05991,0.009740
182,2.65316,0.28507,-1.97966,0.00855,-1.71863,1.06118,0.46997,1.60732,-0.17014,-0.10750,1.37356,0.16370,0.42052,-0.16200,0.45525,0.77527,0.79189,-0.07549,0.46370,1.25120,-0.18141,0.45398,3.06026,0.009741
183,2.64920,0.28162,-1.97635,0.00207,-1.71731,1.05428,0.46998,1.60682,-0.17234,-0.10457,1.37713,0.16738,0.41480,-0.16200,0.45938,0.78138,0.79185,-0.07695,0.46518,1.25937,-0.18289,0.44250,3.06026,0.009741
184,2.64644,0.27949,-1.97496,-0.00231,-1.71434,1.04699,0.46996,1.60858,-0.17068,-0.10683,1.38064,0.16682,0.40628,-0.16200,0.46294,0.79187,0.79242,-0.08271,0.46657,1.27002,-0.18061,0.43352,3.06026,0.009741
185,2.64365,0.27715,-1.97415,-0.00224,-1.70950,1.03835,0.46998,1.61005,-0.16725,-0.10970,1.38337,0.15962,0.39609,-0.16200,0.46556,0.80160,0.79469,-0.09084,0.46737,1.28000,-0.18299,0.42388,3.06026,0.009741
186,2.64243,0.27557,-1.97440,-0.00120,-1.70825,1.03290,0.46996,1.60919,-0.17021,-0.10968,1.38747,0.14745,0.38942,-0.16200,0.46807,0.80984,0.79388,-0.09692,0.46858,1.28770,-0.18429,0.41555,3.06026,0.009741
187,2.64151,0.27392,-1.97397,0.00018,-1.70518,1.02632,0.46997,1.61006,-0.16881,-0.10412,1.39060,0.13465,0.38047,-0.16200,0.47002,0.81737,0.79641,-0.10511,0.46935,1.29618,-0.18560,0.40635,3.06026,0.009741
188,2.64295,0.27171,-1.97390,0.00016,-1.70504,1.02287,0.46993,1.60926,-0.17166,-0.09717,1.39416,0.12385,0.37826,-0.16200,0.47015,0.82367,0.79493,-0.11662,0.46952,1.30343,-0.18489,0.39903,3.06026,0.009741
189,2.64387,0.26993,-1.97371,0.00101,-1.70323,1.01739,0.46995,1.61005,-0.16985,-0.09234,1.39617,0.11729,0.37247,-0.16200,0.47017,0.83145,0.79483,-0.12762,0.46906,1.31116,-0.18622,0.39089,3.06026,0.009741
190,2.64519,0.26769,-1.97290,0.00018,-1.70134,1.01445,0.46993,1.61004,-0.17059,-0.08807,1.39602,0.11068,0.36502,-0.16200,0.47013,0.83973,0.79363,-0.13470,0.46898,1.31612,-0.18683,0.38432,3.06026,0.009741
191,2.64420,0.26576,-1.97141,-0.00254,-1.70165,1.00899,0.46996,1.60865,-0.17319,-0.08114,1.39616,0.10255,0.36000,-0.16199,0.47016,0.84673,0.79146,-0.14004,0.46861,1.32270,-0.18828,0.37626,3.06026,0.009741
192,2.64334,0.26454,-1.97067,-0.00616,-1.70137,1.00503,0.46993,1.60859,-0.17390,-0.07552,1.39581,0.09253,0.35259,-0.16200,0.47011,0.85505,0.78896,-0.14685,0.46869,1.32998,-0.18658,0.36978,3.04246,0.009684
193,2.64233,0.26340,-1.96951,-0.00796,-1.69652,0.99803,0.46994,1.61011,-0.16871,-0.07359,1.39616,0.08464,0.34468,-0.16200,0.47017,0.86328,0.78956,-0.15523,0.46852,1.33812,-0.18843,0.36201,3.04246,0.009684
194,2.64367,0.26253,-1.96898,-0.01027,-1.69455,0.99237,0.46992,1.60959,-0.17083,-0.07115,1.39580,0.08099,0.34065,-0.16200,0.47011,0.86875,0.78758,-0.16162,0.46837,1.34357,-0.18795,0.35573,3.02413,0.009626
195,2.64500,0.26079,-1.96782,-0.01125,-1.69448,0.98563,0.46995,1.60963,-0.17146,-0.06533,1.39603,0.07691,0.33621,-0.16200,0.47012,0.87231,0.78878,-0.16537,0.46781,1.34928,-0.18886,0.34842,3.02413,0.009626
196,2.64703,0.26013,-1.96750,-0.01305,-1.69399,0.98285,0.46990,1.60932,-0.17284,-0.06028,1.39610,0.06928,0.33271,-0.16200,0.47016,0.87619,0.78874,-0.16932,0.46822,1.35406,-0.18926,0.34180,3.02413,0.009626
197,2.64856,0.25942,-1.96576,-0.01579,-1.69460,0.97819,0.46993,1.60940,-0.17274,-0.05917,1.39616,0.06220,0.32913,-0.16200,0.47017,0.87976,0.79028,-0.17513,0.46806,1.35943,-0.19002,0.33404,3.01261,0.009589
198,2.65045,0.25848,-1.96459,-0.01825,-1.69411,0.97622,0.46991,1.60965,-0.17296,-0.05770,1.39603,0.05764,0.32523,-0.16200,0.47012,0.88242,0.79225,-0.18099,0.46793,1.36421,-0.18871,0.32814,3.01261,0.009589
199,2.65076,0.25764,-1.96298,-0.02184,-1.69446,0.97185,0.46993,1.60909,-0.17383,-0.05642,1.39606,0.05755,0.32319,-0.16200,0.47013,0.88384,0.79409,-0.18368,0.46754,1.36767,-0.19034,0.32379,3.01261,0.009589
200,2.65150,0.25777,-1.96280,-0.02584,-1.69357,0.96800,0.46990,1.60932,-0.17374,-0.05862,1.39609,0.05714,0.31968,-0.16200,0.47016,0.88777,0.79396,-0.18646,0.46789,1.37067,-0.19053,0.32107,3.01261,0.009589
201,2.65111,0.25907,-1.96254,-0.02797,-1.69336,0.95973,0.46994,1.60966,-0.17284,-0.06013,1.39612,0.05354,0.31782,-0.16200,0.47016,0.89023,0.79552,-0.19371,0.46778,1.37602,-0.19073,0.31764,3.00406,0.009562
202,2.65160,0.26070,-1.96282,-0.02974,-1.69209,0.95281,0.46991,1.61004,-0.17271,-0.05776,1.39573,0.04550,0.31478,-0.16200,0.47010,0.89115,0.80024,-0.20077,0.46815,1.37942,-0.18976,0.31595,2.98486,0.009501
203,2.65273,0.26220,-1.96266,-0.02950,-1.69232,0.94607,0.46993,1.60997,-0.17277,-0.05263,1.39608,0.03783,0.31362,-0.16200,0.47014,0.88780,0.80934,-0.20641,0.46803,1.38172,-0.19180,0.31314,2.98486,0.009501
204,2.65633,0.26397,-1.96327,-0.03010,-1.69487,0.94409,0.46989,1.60857,-0.17391,-0.04875,1.39611,0.03380,0.31432,-0.16201,0.47015,0.88289,0.81842,-0.21015,0.46810,1.37995,-0.19270,0.31167,2.98486,0.009501
205,2.66007,0.26511,-1.96338,-0.02967,-1.69788,0.94046,0.46992,1.60925,-0.17294,-0.04917,1.39599,0.03585,0.31601,-0.16200,0.47009,0.87672,0.82938,-0.21358,0.46798,1.38296,-0.19125,0.30925,2.98486,0.009501
206,2.66079,0.26611,-1.96419,-0.03048,-1.69850,0.93854,0.46992,1.60865,-0.17410,-0.04950,1.39604,0.03914,0.31833,-0.16200,0.47011,0.87067,0.83814,-0.21608,0.46810,1.38243,-0.19244,0.30585,2.98486,0.009501
207,2.66193,0.26628,-1.96436,-0.02946,-1.69758,0.93605,0.46992,1.61005,-0.17216,-0.04641,1.39611,0.04000,0.32076,-0.16201,0.47017,0.86303,0.84686,-0.21764,0.46797,1.38298,-0.19216,0.29897,2.97072,0.009456
208,2.66460,0.26705,-1.96502,-0.02965,-1.70013,0.93479,0.46990,1.60825,-0.17405,-0.04410,1.39580,0.03620,0.32826,-0.16200,0.47010,0.85398,0.85127,-0.21948,0.46769,1.38113,-0.19140,0.29260,2.97072,0.009456
209,2.66575,0.26854,-1.96472,-0.03062,-1.70146,0.93136,0.46992,1.60890,-0.17306,-0.04569,1.39583,0.03096,0.33043,-0.16200,0.47011,0.84827,0.85818,-0.22086,0.46737,1.37993,-0.19120,0.29022,2.97072,0.009456
210,2.66784,0.27037,-1.96460,-0.03307,-1.70273,0.92865,0.46990,1.60891,-0.17353,-0.05150,1.39612,0.02556,0.33190,-0.16201,0.47015,0.84352,0.86443,-0.22125,0.46773,1.37834,-0.19154,0.29049,2.97072,0.009456
211,2.66900,0.27190,-1.96417,-0.03439,-1.70455,0.92184,0.46994,1.60931,-0.17284,-0.05717,1.39616,0.02348,0.33333,-0.16200,0.47015,0.83704,0.87324,-0.22182,0.46756,1.37654,-0.19321,0.29078,2.95170,0.009396
212,2.67127,0.27220,-1.96393,-0.03442,-1.70655,0.91613,0.46992,1.60973,-0.17280,-0.05939,1.39609,0.02059,0.33521,-0.16200,0.47013,0.82837,0.88309,-0.22253,0.46712,1.37180,-0.19212,0.29420,2.95170,0.009396
213,2.67301,0.27354,-1.96486,-0.03427,-1.70848,0.91203,0.46992,1.60875,-0.17411,-0.05899,1.39630,0.01955,0.33781,-0.16200,0.47020,0.82015,0.89255,-0.22257,0.46733,1.36875,-0.19099,0.29571,2.95170,0.009396
214,2.67587,0.27498,-1.96551,-0.03317,-1.71104,0.90950,0.46992,1.60898,-0.17387,-0.05995,1.39663,0.01886,0.33681,-0.16200,0.47034,0.81436,0.90167,-0.22135,0.46837,1.36740,-0.18756,0.29203,2.95170,0.009396
215,2.67728,0.27616,-1.96619,-0.03276,-1.71397,0.90600,0.46994,1.60836,-0.17402,-0.06308,1.39616,0.01885,0.33866,-0.16200,0.47016,0.81009,0.90746,-0.22174,0.46833,1.36902,-0.18935,0.28823,2.95170,0.009396
216,2.68005,0.27564,-1.96624,-0.03054,-1.71563,0.90774,0.46992,1.60935,-0.17273,-0.06450,1.39624,0.01682,0.33757,-0.16200,0.47020,0.80791,0.91213,-0.22185,0.46843,1.37012,-0.18914,0.28661,2.95170,0.009396
217,2.68133,0.27513,-1.96607,-0.03023,-1.71819,0.90732,0.46994,1.60796,-0.17411,-0.06130,1.39607,0.01665,0.33818,-0.16199,0.47013,0.80598,0.91386,-0.22269,0.46835,1.37374,-0.18868,0.28357,2.95170,0.009396
218,2.68108,0.27491,-1.96576,-0.03204,-1.71877,0.90597,0.46993,1.60813,-0.17391,-0.05792,1.39600,0.01729,0.33663,-0.16200,0.47011,0.80844,0.91268,-0.22309,0.46859,1.37663,-0.18965,0.27810,2.95170,0.009396
219,2.68039,0.27448,-1.96508,-0.03334,-1.71584,0.90584,0.46992,1.60955,-0.17201,-0.05774,1.39601,0.01806,0.33336,-0.16200,0.47013,0.81355,0.90941,-0.22328,0.46883,1.38013,-0.18973,0.27440,2.95170,0.009396
220,2.68166,0.27460,-1.96468,-0.03506,-1.71525,0.90251,0.46991,1.60941,-0.17276,-0.05698,1.39603,0.01607,0.33197,-0.16200,0.47014,0.81770,0.90485,-0.22336,0.46905,1.38199,-0.19095,0.27407,2.95170,0.009396
221,2.68217,0.27510,-1.96400,-0.03546,-1.71708,0.89872,0.46994,1.60882,-0.17384,-0.05677,1.39607,0.01287,0.33065,-0.16200,0.47014,0.81973,0.90314,-0.22366,0.46886,1.38365,-0.19174,0.27349,2.95170,0.009396
222,2.68370,0.27630,-1.96486,-0.03728,-1.71891,0.89796,0.46990,1.60771,-0.17395,-0.05865,1.39612,0.00702,0.32969,-0.16200,0.47016,0.82068,0.90218,-0.22324,0.46944,1.38441,-0.19139,0.27242,2.95170,0.009396
223,2.68460,0.27699,-1.96557,-0.03833,-1.71785,0.89483,0.46993,1.60943,-0.17137,-0.06527,1.39615,0.00229,0.32752,-0.16200,0.47016,0.82074,0.90424,-0.22318,0.46936,1.38692,-0.19139,0.26909,2.95170,0.009396
224,2.68347,0.27655,-1.96394,-0.04139,-1.71792,0.89379,0.46994,1.60878,-0.17282,-0.07217,1.39596,0.00216,0.32721,-0.16200,0.47010,0.82053,0.90443,-0.22347,0.46906,1.38878,-0.19131,0.26688,2.93844,0.009353
225,2.68378,0.27562,-1.96366,-0.04261,-1.71578,0.89584,0.46990,1.60947,-0.17263,-0.07592,1.39597,0.00359,0.32559,-0.16201,0.47010,0.82048,0.90635,-0.22350,0.46928,1.39019,-0.19103,0.26480,2.93844,0.009353
226,2.68347,0.27487,-1.96314,-0.04232,-1.71356,0.89519,0.46993,1.60979,-0.17222,-0.07395,1.39573,0.00331,0.32556,-0.16200,0.47010,0.81994,0.90743,-0.22402,0.46886,1.39178,-0.19210,0.26157,2.93844,0.009353
227,2.68373,0.27505,-1.96337,-0.04321,-1.71449,0.89666,0.46991,1.60771,-0.17403,-0.07097,1.39596,0.00446,0.32605,-0.16200,0.47011,0.82139,0.90507,-0.22418,0.46895,1.39197,-0.19187,0.25964,2.93844,0.009353
228,2.68250,0.27475,-1.96291,-0.04326,-1.71176,0.89563,0.46994,1.60970,-0.17098,-0.07056,1.39530,0.00840,0.32378,-0.16200,0.47010,0.82350,0.90505,-0.22451,0.46869,1.39396,-0.19227,0.25892,2.93844,0.009353
229,2.68189,0.27476,-1.96323,-0.04415,-1.71213,0.89670,0.46991,1.60810,-0.17415,-0.06963,1.39538,0.01194,0.32460,-0.16200,0.47011,0.82621,0.90046,-0.22458,0.46881,1.39315,-0.19320,0.26125,2.93844,0.009353
230,2.67997,0.27467,-1.96298,-0.04415,-1.70945,0.89542,0.46994,1.60954,-0.17183,-0.06910,1.39485,0.01205,0.32243,-0.16200,0.47011,0.82941,0.89842,-0.22478,0.46863,1.39402,-0.19353,0.26368,2.93844,0.009353
231,2.67895,0.27489,-1.96335,-0.04506,-1.70994,0.89650,0.46991,1.60773,-0.17408,-0.06737,1.39541,0.01003,0.32286,-0.16200,0.47012,0.83240,0.89326,-0.22465,0.46887,1.39351,-0.19310,0.26257,2.93844,0.009353
232,2.67701,0.27485,-1.96312,-0.04506,-1.70693,0.89531,0.46994,1.60967,-0.17108,-0.06807,1.39534,0.00900,0.32063,-0.16200,0.47012,0.83504,0.89189,-0.22465,0.46882,1.39576,-0.19253,0.25824,2.93844,0.009353
233,2.67637,0.27507,-1.96350,-0.04595,-1.70776,0.89634,0.46991,1.60782,-0.17414,-0.06728,1.39601,0.00810,0.32180,-0.16200,0.47013,0.83668,0.88778,-0.22445,0.46908,1.39624,-0.19246,0.25370,2.93844,0.009353
234,2.67684,0.27545,-1.96334,-0.04578,-1.70678,0.89506,0.46992,1.60939,-0.17197,-0.06552,1.39602,0.00433,0.31967,-0.16200,0.47013,0.83776,0.88824,-0.22434,0.46916,1.39819,-0.19284,0.25335,2.93844,0.009353
235,2.67833,0.27640,-1.96355,-0.04693,-1.70989,0.89309,0.46991,1.60743,-0.17409,-0.06250,1.39606,0.00279,0.32176,-0.16200,0.47013,0.83495,0.88948,-0.22423,0.46922,1.39700,-0.19426,0.25567,2.93844,0.009353
236,2.67772,0.27645,-1.96265,-0.04702,-1.70993,0.89091,0.46994,1.60902,-0.17182,-0.06186,1.39604,0.00526,0.32075,-0.16200,0.47013,0.83322,0.89372,-0.22425,0.46905,1.39713,-0.19445,0.25749,2.93844,0.009353
237,2.67712,0.27647,-1.96228,-0.04805,-1.70839,0.89257,0.46991,1.60897,-0.17272,-0.06368,1.39604,0.00817,0.32171,-0.16200,0.47014,0.83249,0.89383,-0.22383,0.46947,1.39617,-0.19386,0.25672,2.93844,0.009353
238,2.67540,0.27530,-1.96112,-0.04799,-1.70684,0.89241,0.46995,1.60946,-0.17220,-0.06404,1.39605,0.00776,0.32224,-0.16200,0.47013,0.83126,0.89517,-0.22401,0.46911,1.39650,-0.19384,0.25423,2.93844,0.009353
239,2.67389,0.27475,-1.96118,-0.04887,-1.70572,0.89428,0.46992,1.60847,-0.17407,-0.06422,1.39611,0.00284,0.32293,-0.16200,0.47016,0.83151,0.89365,-0.22356,0.46955,1.39625,-0.19297,0.25224,2.93844,0.009353
240,2.67241,0.27455,-1.96071,-0.04894,-1.70526,0.89324,0.46994,1.60888,-0.17352,-0.06298,1.39617,-0.00245,0.32180,-0.16200,0.47017,0.83173,0.89443,-0.22345,0.46940,1.39750,-0.19286,0.24957,2.92098,0.009298
241,2.67261,0.27609,-1.96125,-0.05039,-1.70627,0.89145,0.46990,1.60758,-0.17396,-0.05781,1.39602,-0.00567,0.32192,-0.16200,0.47012,0.82872,0.89721,-0.22368,0.46944,1.39838,-0.19238,0.24908,2.92098,0.009298
242,2.67277,0.27747,-1.96082,-0.05096,-1.70469,0.88856,0.46992,1.60930,-0.17172,-0.05298,1.39602,-0.00429,0.32033,-0.16200,0.47011,0.82671,0.90259,-0.22396,0.46916,1.39965,-0.19293,0.24981,2.92098,0.009298
243,2.67313,0.27802,-1.96081,-0.05263,-1.70522,0.88874,0.46991,1.60806,-0.17412,-0.05177,1.39602,-0.00177,0.32179,-0.16200,0.47012,0.82530,0.90349,-0.22403,0.46898,1.39626,-0.19429,0.25322,2.92098,0.009298
244,2.67116,0.27756,-1.96035,-0.05332,-1.70291,0.88698,0.46994,1.60941,-0.17198,-0.05347,1.39590,0.00373,0.32114,-0.16200,0.47011,0.82549,0.90492,-0.22430,0.46855,1.39552,-0.19429,0.25625,2.92098,0.009298
245,2.66917,0.27745,-1.96074,-0.05499,-1.70120,0.88767,0.46991,1.60845,-0.17409,-0.05405,1.39600,0.00874,0.32234,-0.16200,0.47013,0.82773,0.90075,-0.22411,0.46877,1.39423,-0.19331,0.25444,2.92098,0.009298
246,2.66741,0.27598,-1.96011,-0.05564,-1.69874,0.88645,0.46994,1.60949,-0.17271,-0.05042,1.39601,0.00954,0.32085,-0.16200,0.47013,0.83129,0.89756,-0.22419,0.46863,1.39532,-0.19289,0.25284,2.92098,0.009298
247,2.66757,0.27469,-1.95946,-0.05740,-1.69998,0.88728,0.46991,1.60762,-0.17393,-0.04370,1.39604,0.00444,0.32177,-0.16200,0.47015,0.83356,0.89229,-0.22391,0.46905,1.39626,-0.19179,0.25355,2.92098,0.009298
248,2.66753,0.27491,-1.95840,-0.05796,-1.69897,0.88560,0.46992,1.60907,-0.17213,-0.03796,1.39610,-0.00259,0.31960,-0.16200,0.47016,0.83496,0.89211,-0.22376,0.46917,1.39805,-0.19277,0.25375,2.92098,0.009298
249,2.66964,0.27628,-1.95797,-0.05966,-1.70116,0.88412,0.46989,1.60797,-0.17406,-0.03631,1.39617,-0.00709,0.31910,-0.16200,0.47018,0.83403,0.89352,-0.22331,0.46955,1.39665,-0.19327,0.25298,2.92081,0.009297
250,2.67165,0.27582,-1.95670,-0.06023,-1.70172,0.88554,0.46991,1.60888,-0.17298,-0.03490,1.39607,-0.00668,0.31770,-0.16200,0.47013,0.83114,0.89885,-0.22337,0.46931,1.39790,-0.19274,0.25295,2.92081,0.009297
251,2.66950,0.27444,-1.95681,-0.06230,-1.70108,0.88772,0.46993,1.60715,-0.17418,-0.03248,1.39606,-0.00019,0.32138,-0.16196,0.47012,0.82652,0.90184,-0.22363,0.46899,1.39608,-0.19428,0.25292,2.92081,0.009297
252,2.66690,0.27386,-1.95711,-0.06270,-1.69656,0.88883,0.46991,1.60921,-0.17164,-0.02766,1.39603,0.00631,0.32139,-0.16201,0.47014,0.82517,0.90491,-0.22349,0.46912,1.39623,-0.19323,0.24971,2.92081,0.009297
253,2.66682,0.27375,-1.95717,-0.06465,-1.69330,0.89194,0.46989,1.60878,-0.17335,-0.02366,1.39598,0.01033,0.32335,-0.16200,0.47012,0.82624,0.90135,-0.22346,0.46918,1.39539,-0.19264,0.24716,2.92081,0.009297
254,2.66610,0.27250,-1.95626,-0.06531,-1.69318,0.89212,0.46993,1.60837,-0.17401,-0.01877,1.39579,0.00858,0.32345,-0.16200,0.47011,0.82859,0.89786,-0.22403,0.46861,1.39609,-0.19253,0.24517,2.92081,0.009297
255,2.66583,0.27210,-1.95599,-0.06711,-1.69445,0.89388,0.46990,1.60716,-0.17395,-0.01576,1.39603,0.00085,0.32282,-0.16200,0.47014,0.83114,0.89413,-0.22389,0.46894,1.39635,-0.19184,0.24486,2.92081,0.009297
256,2.66620,0.27204,-1.95449,-0.06788,-1.69396,0.89259,0.46992,1.60908,-0.17170,-0.01444,1.39609,-0.00834,0.31967,-0.16200,0.47014,0.83256,0.89487,-0.22385,0.46903,1.40047,-0.19100,0.24363,2.92081,0.009297
257,2.66919,0.27297,-1.95331,-0.06965,-1.69641,0.89085,0.46989,1.60845,-0.17362,-0.01580,1.39613,-0.01465,0.31869,-0.16201,0.47016,0.83131,0.89696,-0.22346,0.46943,1.39985,-0.19223,0.24407,2.92081,0.009297
258,2.67252,0.27321,-1.95291,-0.06985,-1.69924,0.88843,0.46991,1.60861,-0.17395,-0.01655,1.39612,-0.01567,0.31792,-0.16200,0.47014,0.82779,0.90240,-0.22353,0.46919,1.40060,-0.19239,0.24358,2.92081,0.009297
259,2.67116,0.27265,-1.95297,-0.07014,-1.69864,0.88941,0.46993,1.60813,-0.17407,-0.01638,1.39607,-0.00895,0.31974,-0.16200,0.47012,0.82347,0.90761,-0.22372,0.46889,1.39987,-0.19356,0.24484,2.92081,0.009297
260,2.66875,0.27211,-1.95269,-0.07211,-1.69597,0.89137,0.46991,1.60827,-0.17388,-0.01300,1.39603,-0.00005,0.32138,-0.16200,0.47013,0.82104,0.91039,-0.22364,0.46898,1.39870,-0.19332,0.24383,2.92081,0.009297
261,2.66815,0.27095,-1.95240,-0.07258,-1.69501,0.89201,0.46992,1.60867,-0.17388,-0.01053,1.39597,0.00718,0.32259,-0.16200,0.47012,0.82188,0.90871,-0.22383,0.46874,1.39757,-0.19345,0.24471,2.92081,0.009297
262,2.66724,0.26997,-1.95212,-0.07332,-1.69416,0.89427,0.46991,1.60805,-0.17396,-0.00715,1.39579,0.00972,0.32305,-0.16200,0.47012,0.82650,0.90181,-0.22408,0.46855,1.39722,-0.19252,0.24342,2.92081,0.009297
263,2.66919,0.26897,-1.95092,-0.07320,-1.69505,0.89420,0.46990,1.60892,-0.17325,-0.00288,1.39559,0.00498,0.32039,-0.16201,0.47012,0.83361,0.89404,-0.22416,0.46869,1.40006,-0.19046,0.24376,2.92081,0.009297
264,2.67045,0.26949,-1.95094,-0.07486,-1.69816,0.89304,0.46990,1.60674,-0.17413,-0.00128,1.39573,-0.00129,0.31974,-0.16196,0.47012,0.83904,0.88586,-0.22448,0.46855,1.40123,-0.19134,0.24339,2.92081,0.009297
265,2.67121,0.26988,-1.94980,-0.07515,-1.69903,0.89107,0.46992,1.60890,-0.17150,-0.00488,1.39566,-0.00632,0.31475,-0.16201,0.47012,0.84404,0.88377,-0.22453,0.46867,1.40515,-0.19111,0.24094,2.92081,0.009297
266,2.67327,0.27072,-1.94908,-0.07653,-1.69985,0.88938,0.46989,1.60884,-0.17258,-0.00909,1.39599,-0.00577,0.31420,-0.16200,0.47011,0.84382,0.88421,-0.22439,0.46892,1.40509,-0.19339,0.23966,2.92081,0.009297
267,2.67453,0.26991,-1.94797,-0.07656,-1.70003,0.88593,0.46993,1.60978,-0.17164,-0.01398,1.39549,0.00101,0.31416,-0.16200,0.47009,0.84221,0.88728,-0.22474,0.46843,1.40507,-0.19447,0.24232,2.92081,0.009297
268,2.67494,0.26882,-1.94840,-0.07768,-1.69841,0.88560,0.46990,1.60920,-0.17334,-0.01605,1.39538,0.00950,0.31667,-0.16200,0.47009,0.84043,0.88753,-0.22466,0.46857,1.40289,-0.19499,0.24394,2.92081,0.009297
269,2.67292,0.26887,-1.94885,-0.07761,-1.69691,0.88297,0.46994,1.60876,-0.17410,-0.01263,1.39478,0.01552,0.31840,-0.16200,0.47010,0.84046,0.88652,-0.22501,0.46821,1.40195,-0.19505,0.24256,2.92081,0.009297
270,2.67107,0.26919,-1.94905,-0.07896,-1.69444,0.88357,0.46990,1.60844,-0.17392,-0.00839,1.39507,0.01614,0.31829,-0.16200,0.47013,0.84406,0.88165,-0.22468,0.46865,1.40141,-0.19367,0.24098,2.92081,0.009297
271,2.67079,0.26827,-1.94768,-0.07887,-1.69318,0.88340,0.46992,1.60924,-0.17322,-0.00165,1.39487,0.01517,0.31626,-0.16200,0.47012,0.84847,0.87737,-0.22466,0.46862,1.40226,-0.19404,0.24350,2.92081,0.009297
272,2.67248,0.26775,-1.94677,-0.07988,-1.69599,0.88527,0.46989,1.60707,-0.17396,0.00456,1.39514,0.01246,0.31703,-0.16200,0.47012,0.85056,0.87251,-0.22458,0.46882,1.40148,-0.19418,0.24492,2.92081,0.009297
273,2.67340,0.26686,-1.94547,-0.07992,-1.69514,0.88486,0.46992,1.60921,-0.17146,0.00704,1.39455,0.01107,0.31532,-0.16200,0.47010,0.85090,0.87356,-0.22473,0.46865,1.40311,-0.19378,0.24316,2.92081,0.009297
274,2.67376,0.26690,-1.94554,-0.08090,-1.69699,0.88657,0.46990,1.60692,-0.17419,0.01000,1.39466,0.01130,0.31791,-0.16199,0.47009,0.84852,0.87365,-0.22485,0.46866,1.40222,-0.19409,0.24135,2.92081,0.009297
275,2.67220,0.26655,-1.94512,-0.08106,-1.69445,0.88619,0.46992,1.60897,-0.17185,0.01270,1.39401,0.01516,0.31760,-0.16200,0.47008,0.84475,0.87997,-0.22504,0.46847,1.40272,-0.19439,0.24103,2.92081,0.009297
276,2.67130,0.26579,-1.94542,-0.08211,-1.69412,0.88810,0.46990,1.60741,-0.17408,0.01851,1.39416,0.01941,0.32138,-0.16200,0.47008,0.83908,0.88422,-0.22501,0.46860,1.39979,-0.19566,0.24416,2.92081,0.009297
277,2.66884,0.26532,-1.94558,-0.08202,-1.69136,0.88952,0.46992,1.60843,-0.17334,0.02337,1.39362,0.02371,0.32270,-0.16200,0.47008,0.83552,0.88879,-0.22519,0.46842,1.39799,-0.19590,0.24759,2.92081,0.009297
278,2.66742,0.26495,-1.94595,-0.08316,-1.69116,0.89314,0.46990,1.60695,-0.17399,0.02640,1.39371,0.02515,0.32486,-0.16200,0.47009,0.83472,0.88780,-0.22513,0.46856,1.39579,-0.19443,0.24692,2.92081,0.009297
279,2.66487,0.26390,-1.94544,-0.08328,-1.68865,0.89424,0.46993,1.60870,-0.17222,0.02599,1.39304,0.02725,0.32421,-0.16200,0.47009,0.83578,0.88738,-0.22532,0.46831,1.39718,-0.19288,0.24111,2.92081,0.009297
280,2.66301,0.26359,-1.94562,-0.08431,-1.68727,0.89765,0.46990,1.60761,-0.17409,0.02629,1.39325,0.02701,0.32484,-0.16200,0.47010,0.83902,0.88183,-0.22516,0.46859,1.39820,-0.19155,0.23355,2.92081,0.009297
281,2.66387,0.26242,-1.94457,-0.08417,-1.68803,0.89849,0.46991,1.60851,-0.17337,0.02821,1.39282,0.02275,0.32216,-0.16201,0.47009,0.84374,0.87757,-0.22527,0.46849,1.40153,-0.19105,0.22908,2.92081,0.009297
282,2.66554,0.26209,-1.94404,-0.08539,-1.68997,0.90049,0.46989,1.60714,-0.17399,0.03098,1.39277,0.01946,0.32181,-0.16200,0.47008,0.84595,0.87379,-0.22533,0.46856,1.40270,-0.19227,0.22954,2.92081,0.009297
283,2.66532,0.26136,-1.94243,-0.08561,-1.68965,0.89966,0.46993,1.60878,-0.17240,0.03124,1.39199,0.01979,0.31988,-0.16200,0.47007,0.84598,0.87589,-0.22567,0.46818,1.40443,-0.19347,0.23129,2.92081,0.009297
284,2.66503,0.26111,-1.94164,-0.08670,-1.68897,0.90097,0.46989,1.60820,-0.17406,0.03292,1.39219,0.02011,0.32073,-0.16200,0.47008,0.84457,0.87685,-0.22554,0.46844,1.40389,-0.19374,0.23135,2.92081,0.009297
285,2.66461,0.26053,-1.94092,-0.08642,-1.68965,0.90009,0.46992,1.60822,-0.17400,0.03507,1.39189,0.02034,0.32136,-0.16200,0.47007,0.84154,0.88068,-0.22581,0.46813,1.40413,-0.19407,0.23010,2.92081,0.009297
286,2.66569,0.26048,-1.94102,-0.08750,-1.68992,0.90217,0.46988,1.60770,-0.17390,0.03752,1.39227,0.01717,0.32222,-0.16201,0.47008,0.83905,0.88307,-0.22555,0.46850,1.40325,-0.19334,0.23009,2.92081,0.009297
287,2.66682,0.25941,-1.94014,-0.08751,-1.69074,0.90173,0.46992,1.60861,-0.17334,0.03688,1.39186,0.01449,0.32115,-0.16200,0.47007,0.83926,0.88425,-0.22585,0.46808,1.40433,-0.19291,0.22895,2.92081,0.009297
288,2.66777,0.25887,-1.94053,-0.08855,-1.69076,0.90388,0.46989,1.60770,-0.17401,0.03721,1.39192,0.01577,0.32040,-0.16200,0.47007,0.84262,0.88031,-0.22576,0.46824,1.40466,-0.19247,0.22907,2.92081,0.009297
289,2.66706,0.25859,-1.94044,-0.08855,-1.69103,0.90345,0.46992,1.60792,-0.17403,0.03839,1.39107,0.01714,0.31833,-0.16200,0.47006,0.84694,0.87658,-0.22619,0.46775,1.40671,-0.19263,0.22799,2.92081,0.009297
290,2.66669,0.25819,-1.93951,-0.09008,-1.69030,0.90548,0.46989,1.60790,-0.17387,0.04251,1.39093,0.01541,0.31647,-0.16200,0.47007,0.85027,0.87335,-0.22605,0.46799,1.40799,-0.19241,0.22814,2.92081,0.009297
291,2.66617,0.25734,-1.93821,-0.08997,-1.69040,0.90474,0.46992,1.60844,-0.17394,0.04569,1.39047,0.01482,0.31569,-0.16200,0.47006,0.85033,0.87391,-0.22631,0.46767,1.40920,-0.19375,0.22881,2.92081,0.009297
292,2.66720,0.25727,-1.93856,-0.09111,-1.69024,0.90646,0.46988,1.60756,-0.17394,0.05086,1.39083,0.01171,0.31596,-0.16200,0.47007,0.84952,0.87425,-0.22605,0.46806,1.40874,-0.19360,0.22957,2.92081,0.009297
293,2.66834,0.25641,-1.93840,-0.09140,-1.69077,0.90538,0.46991,1.60827,-0.17389,0.05418,1.39042,0.00970,0.31468,-0.16200,0.47006,0.85030,0.87477,-0.22634,0.46768,1.41011,-0.19347,0.22837,2.92081,0.009297
294,2.66735,0.25608,-1.93732,-0.09352,-1.68986,0.90683,0.46990,1.60766,-0.17402,0.05564,1.39047,0.01205,0.31354,-0.16200,0.47006,0.85331,0.87161,-0.22634,0.46771,1.41084,-0.19332,0.22800,2.92081,0.009297
295,2.66597,0.25551,-1.93703,-0.09500,-1.68808,0.90796,0.46991,1.60809,-0.17400,0.05548,1.39006,0.01709,0.31194,-0.16200,0.47005,0.85718,0.86818,-0.22643,0.46758,1.41171,-0.19385,0.22964,2.92081,0.009297
296,2.66615,0.25446,-1.93558,-0.09465,-1.68815,0.90886,0.46991,1.60864,-0.17367,0.05743,1.38943,0.02093,0.31081,-0.16200,0.47005,0.85889,0.86655,-0.22657,0.46752,1.41261,-0.19408,0.22943,2.92081,0.009297
297,2.66755,0.25399,-1.93444,-0.09612,-1.68998,0.91005,0.46989,1.60718,-0.17399,0.06132,1.38894,0.02088,0.31275,-0.16200,0.47004,0.85882,0.86453,-0.22672,0.46744,1.41193,-0.19502,0.23084,2.92081,0.009297
298,2.66687,0.25231,-1.93298,-0.09648,-1.68780,0.91095,0.46992,1.60892,-0.17242,0.06335,1.38808,0.02027,0.31075,-0.16200,0.47003,0.86089,0.86345,-0.22701,0.46713,1.41304,-0.19453,0.23080,2.92081,0.009297
299,2.66625,0.25104,-1.93273,-0.09794,-1.68959,0.91350,0.46990,1.60629,-0.17410,0.06730,1.38815,0.01685,0.31233,-0.16198,0.47004,0.86072,0.86147,-0.22701,0.46721,1.41224,-0.19497,0.23162,2.92081,0.009297
300,2.66387,0.25039,-1.93194,-0.09855,-1.68769,0.91584,0.46992,1.60789,-0.17311,0.06937,1.38792,0.01365,0.31027,-0.16200,0.47004,0.86119,0.86232,-0.22701,0.46714,1.41347,-0.19482,0.23071,2.92081,0.009297
301,2.66228,0.25024,-1.93155,-0.10037,-1.68662,0.91900,0.46989,1.60702,-0.17401,0.07266,1.38820,0.01487,0.31110,-0.16200,0.47004,0.86048,0.86252,-0.22693,0.46734,1.41311,-0.19502,0.23094,2.92081,0.009297
302,2.65993,0.24869,-1.93005,-0.10118,-1.68582,0.91911,0.46993,1.60805,-0.17368,0.07355,1.38756,0.02238,0.31127,-0.16200,0.47002,0.85943,0.86471,-0.22702,0.46691,1.41364,-0.19519,0.22980,2.92081,0.009297
303,2.65795,0.24746,-1.92958,-0.10292,-1.68402,0.92147,0.46990,1.60784,-0.17400,0.07118,1.38727,0.03153,0.31223,-0.16200,0.47003,0.85951,0.86374,-0.22696,0.46714,1.41308,-0.19487,0.22703,2.92081,0.009297
304,2.65584,0.24570,-1.92822,-0.10364,-1.68174,0.92116,0.46993,1.60895,-0.17327,0.06879,1.38668,0.03829,0.31119,-0.16200,0.47002,0.85927,0.86511,-0.22702,0.46695,1.41413,-0.19426,0.22280,2.92360,0.009306
305,2.65484,0.24512,-1.92789,-0.10531,-1.67988,0.92322,0.46989,1.60821,-0.17402,0.06449,1.38684,0.04031,0.31208,-0.16200,0.47004,0.85992,0.86340,-0.22684,0.46732,1.41409,-0.19403,0.21973,2.92360,0.009306
306,2.65371,0.24434,-1.92671,-0.10601,-1.67945,0.92262,0.46993,1.60862,-0.17402,0.05892,1.38655,0.03665,0.31146,-0.16200,0.47004,0.86104,0.86259,-0.22700,0.46706,1.41534,-0.19437,0.21915,2.92360,0.009306
307,2.65346,0.24431,-1.92670,-0.10701,-1.67886,0.92288,0.46989,1.60819,-0.17399,0.05571,1.38731,0.02717,0.31181,-0.16200,0.47007,0.86165,0.86142,-0.22664,0.46755,1.41600,-0.19380,0.21590,2.92360,0.009306
308,2.65464,0.24366,-1.92578,-0.10620,-1.67998,0.92275,0.46992,1.60888,-0.17372,0.05123,1.38787,0.01641,0.31153,-0.16200,0.47007,0.85978,0.86371,-0.22661,0.46757,1.41719,-0.19445,0.21505,2.92360,0.009306
309,2.65805,0.24423,-1.92604,-0.10612,-1.68234,0.92304,0.46987,1.60797,-0.17395,0.04913,1.38906,0.00822,0.31237,-0.16201,0.47008,0.85711,0.86547,-0.22626,0.46804,1.41678,-0.19417,0.21340,2.92360,0.009306
310,2.66183,0.24456,-1.92537,-0.10487,-1.68502,0.92102,0.46991,1.60895,-0.17324,0.04550,1.38931,0.00491,0.31097,-0.16200,0.47006,0.85661,0.86736,-0.22649,0.46773,1.41797,-0.19403,0.21238,2.92360,0.009306
311,2.66167,0.24485,-1.92555,-0.10486,-1.68499,0.92169,0.46991,1.60786,-0.17416,0.04404,1.38956,0.00739,0.31089,-0.16200,0.47004,0.85898,0.86458,-0.22667,0.46751,1.41797,-0.19466,0.21428,2.92360,0.009306
312,2.66174,0.24348,-1.92450,-0.10526,-1.68305,0.92341,0.46990,1.60925,-0.17270,0.04292,1.38925,0.01034,0.30788,-0.16201,0.47004,0.86313,0.86190,-0.22673,0.46749,1.41921,-0.19389,0.21540,2.92360,0.009306
313,2.66283,0.24332,-1.92472,-0.10655,-1.68390,0.92344,0.46989,1.60745,-0.17409,0.04541,1.38902,0.01136,0.30922,-0.16200,0.47003,0.86435,0.85843,-0.22695,0.46735,1.41901,-0.19464,0.21573,2.93180,0.009332
314,2.66261,0.24286,-1.92382,-0.10641,-1.68315,0.92114,0.46992,1.60899,-0.17263,0.04730,1.38940,0.01055,0.30774,-0.16200,0.47007,0.86394,0.86101,-0.22687,0.46738,1.41986,-0.19456,0.21260,2.93180,0.009332
315,2.66276,0.24296,-1.92358,-0.10687,-1.68207,0.92089,0.46989,1.60874,-0.17383,0.04812,1.39043,0.00680,0.30910,-0.16200,0.47008,0.86197,0.86216,-0.22642,0.46786,1.41974,-0.19454,0.20947,2.93180,0.009332
316,2.66211,0.24208,-1.92241,-0.10757,-1.68232,0.92189,0.46992,1.60821,-0.17402,0.04480,1.39094,0.00359,0.30912,-0.16200,0.47007,0.86156,0.86258,-0.22650,0.46770,1.41977,-0.19513,0.21074,2.93180,0.009332
317,2.66188,0.24161,-1.92278,-0.10953,-1.68203,0.92517,0.46988,1.60738,-0.17399,0.04166,1.39151,0.00360,0.30840,-0.16200,0.47007,0.86403,0.85968,-0.22621,0.46804,1.41961,-0.19426,0.21108,2.93180,0.009332
318,2.66117,0.24079,-1.92267,-0.11046,-1.68266,0.92548,0.46992,1.60761,-0.17401,0.04068,1.39125,0.00361,0.30700,-0.16200,0.47006,0.86649,0.85748,-0.22653,0.46763,1.42080,-0.19449,0.21063,2.93180,0.009332
319,2.66149,0.23992,-1.92007,-0.11261,-1.68261,0.92803,0.46989,1.60805,-0.17344,0.04394,1.39136,0.00028,0.30557,-0.16201,0.47006,0.86724,0.85701,-0.22638,0.46786,1.42154,-0.19426,0.21131,2.93180,0.009332
320,2.66228,0.23932,-1.91814,-0.11543,-1.68404,0.92725,0.46990,1.60716,-0.17405,0.04887,1.39147,-0.00185,0.30601,-0.16200,0.47005,0.86689,0.85672,-0.22659,0.46760,1.42184,-0.19463,0.21002,2.93180,0.009332
321,2.66381,0.23773,-1.91559,-0.11688,-1.68357,0.92915,0.46989,1.60869,-0.17274,0.05175,1.39127,-0.00039,0.30445,-0.16201,0.47004,0.86600,0.85939,-0.22662,0.46762,1.42266,-0.19451,0.21052,2.93180,0.009332
322,2.66284,0.23656,-1.91434,-0.11992,-1.68474,0.93196,0.46990,1.60593,-0.17419,0.05639,1.39196,0.00314,0.30786,-0.16190,0.47005,0.86386,0.85860,-0.22678,0.46745,1.42156,-0.19543,0.21182,2.93180,0.009332
323,2.66258,0.23402,-1.91228,-0.12141,-1.68432,0.93594,0.46990,1.60790,-0.17253,0.05905,1.39157,0.00599,0.30571,-0.16201,0.47004,0.86567,0.85852,-0.22677,0.46751,1.42251,-0.19387,0.21076,2.93180,0.009332
324,2.66115,0.23334,-1.91198,-0.12316,-1.68451,0.93768,0.46990,1.60649,-0.17422,0.06250,1.39112,0.00778,0.30679,-0.16199,0.47003,0.86911,0.85273,-0.22702,0.46728,1.42250,-0.19439,0.21095,2.93337,0.009337
325,2.66026,0.23240,-1.91056,-0.12297,-1.68133,0.93806,0.46991,1.60934,-0.17106,0.06323,1.39045,0.01061,0.30196,-0.16201,0.47005,0.87565,0.84845,-0.22696,0.46729,1.42506,-0.19339,0.20899,2.93337,0.009337
326,2.66268,0.23159,-1.90978,-0.12320,-1.68104,0.93939,0.46988,1.60877,-0.17314,0.06523,1.39007,0.01239,0.30150,-0.16200,0.47004,0.88164,0.83997,-0.22693,0.46740,1.42643,-0.19372,0.20821,2.94734,0.009382
327,2.66609,0.22949,-1.90813,-0.12204,-1.68464,0.93795,0.46992,1.60865,-0.17400,0.06489,1.39061,0.00983,0.29879,-0.16200,0.47008,0.88731,0.83467,-0.22686,0.46746,1.42815,-0.19395,0.20551,2.94734,0.009382
328,2.66899,0.22778,-1.90689,-0.12205,-1.68900,0.93827,0.46990,1.60729,-0.17398,0.06613,1.39106,0.00478,0.29764,-0.16200,0.47007,0.89233,0.82751,-0.22669,0.46773,1.42978,-0.19421,0.20426,2.94734,0.009382
329,2.66921,0.22686,-1.90406,-0.12350,-1.68789,0.93984,0.46990,1.60867,-0.17301,0.06521,1.39106,0.00068,0.29441,-0.16200,0.47005,0.89616,0.82413,-0.22676,0.46777,1.43170,-0.19504,0.20638,2.94734,0.009382
330,2.67006,0.22493,-1.90052,-0.12805,-1.68817,0.93987,0.46989,1.60795,-0.17397,0.06601,1.39126,0.00141,0.29404,-0.16200,0.47004,0.89946,0.81969,-0.22679,0.46775,1.43229,-0.19573,0.20713,2.94734,0.009382
331,2.66861,0.22390,-1.90061,-0.13119,-1.68688,0.93782,0.46991,1.60712,-0.17417,0.07081,1.39109,0.00619,0.29396,-0.16200,0.47003,0.90026,0.81850,-0.22701,0.46754,1.43310,-0.19578,0.20389,2.94734,0.009382
332,2.66669,0.22296,-1.90024,-0.13235,-1.68257,0.93951,0.46990,1.60870,-0.17283,0.07532,1.39081,0.01014,0.29034,-0.16200,0.47004,0.90245,0.81939,-0.22693,0.46766,1.43528,-0.19460,0.20077,2.94751,0.009382
333,2.66454,0.22331,-1.90099,-0.13445,-1.67986,0.94259,0.46988,1.60663,-0.17414,0.08293,1.39062,0.01448,0.29086,-0.16200,0.47004,0.90496,0.81575,-0.22701,0.46756,1.43571,-0.19545,0.20097,2.94751,0.009382
334,2.66202,0.22219,-1.90055,-0.13515,-1.67911,0.94277,0.46992,1.60729,-0.17401,0.08957,1.38984,0.02041,0.28733,-0.16200,0.47003,0.90833,0.81470,-0.22701,0.46717,1.43736,-0.19556,0.20335,2.94751,0.009382
335,2.66094,0.22059,-1.89926,-0.13702,-1.67783,0.94469,0.46989,1.60774,-0.17389,0.09395,1.38940,0.02486,0.28470,-0.16201,0.47004,0.91132,0.81316,-0.22691,0.46766,1.43863,-0.19548,0.20309,2.94751,0.009382
336,2.65904,0.22134,-1.90106,-0.13808,-1.67773,0.94326,0.46991,1.60613,-0.17423,0.09885,1.38881,0.02716,0.28532,-0.16196,0.47004,0.91435,0.80836,-0.22702,0.46782,1.43814,-0.19644,0.20488,2.94751,0.009382
337,2.65900,0.22117,-1.90215,-0.13720,-1.67614,0.94514,0.46989,1.60819,-0.17252,0.10080,1.38813,0.02983,0.28006,-0.16201,0.47004,0.92140,0.80334,-0.22702,0.46827,1.44012,-0.19404,0.20469,2.94751,0.009382
338,2.65773,0.22088,-1.90111,-0.13734,-1.67591,0.94612,0.46991,1.60766,-0.17418,0.10036,1.38752,0.03075,0.27829,-0.16200,0.47002,0.92735,0.79509,-0.22565,0.46821,1.44092,-0.19564,0.20653,2.94838,0.009385
339,2.65748,0.22023,-1.90030,-0.13993,-1.67457,0.94702,0.46988,1.60781,-0.17391,0.10145,1.38732,0.03293,0.27478,-0.16201,0.47002,0.93475,0.78745,-0.22575,0.46866,1.44226,-0.19467,0.20594,2.95345,0.009401
340,2.65654,0.21799,-1.89870,-0.14159,-1.67418,0.94610,0.46992,1.60810,-0.17406,0.10036,1.38795,0.03422,0.27140,-0.16200,0.47007,0.94179,0.78064,-0.22602,0.46888,1.44485,-0.19469,0.20458,2.95345,0.009401
341,2.65597,0.21660,-1.89842,-0.14369,-1.67312,0.94793,0.46988,1.60751,-0.17399,0.10095,1.38870,0.03158,0.26864,-0.16200,0.47008,0.94892,0.77264,-0.22585,0.46947,1.44659,-0.19500,0.20539,2.95345,0.009401
342,2.65467,0.21586,-1.89745,-0.14425,-1.67287,0.94816,0.46991,1.60771,-0.17407,0.09949,1.38884,0.02911,0.26493,-0.16200,0.47007,0.95583,0.76570,-0.22621,0.46930,1.44912,-0.19556,0.20553,2.95345,0.009401
343,2.65417,0.21580,-1.89704,-0.14569,-1.67179,0.95184,0.46988,1.60735,-0.17395,0.09979,1.38911,0.03021,0.26135,-0.16200,0.47006,0.96285,0.75770,-0.22435,0.46962,1.45148,-0.19498,0.20380,2.95345,0.009401
344,2.65319,0.21461,-1.89555,-0.14590,-1.67132,0.95316,0.46992,1.60805,-0.17403,0.09810,1.38857,0.03500,0.25713,-0.16200,0.47003,0.97012,0.75119,-0.22514,0.46907,1.45491,-0.19568,0.20343,2.95345,0.009401
345,2.65270,0.21394,-1.89514,-0.14706,-1.67029,0.95443,0.46988,1.60779,-0.17399,0.09825,1.38828,0.03958,0.25489,-0.16200,0.47003,0.97596,0.74322,-0.22366,0.46934,1.45708,-0.19619,0.20357,2.95414,0.009403
346,2.65164,0.21278,-1.89381,-0.14706,-1.67023,0.95174,0.46993,1.60854,-0.17391,0.09643,1.38782,0.04068,0.25244,-0.16200,0.47003,0.98107,0.73803,-0.22447,0.46920,1.45982,-0.19727,0.20167,2.95414,0.009403
347,2.65104,0.21267,-1.89353,-0.14793,-1.66966,0.95095,0.46989,1.60791,-0.17402,0.09648,1.38802,0.03871,0.25039,-0.16200,0.47006,0.98712,0.73050,-0.22276,0.46970,1.46131,-0.19709,0.20051,2.95414,0.009403
348,2.64989,0.21217,-1.89218,-0.14760,-1.67007,0.95243,0.46992,1.60775,-0.17403,0.09459,1.38786,0.03761,0.24733,-0.16200,0.47004,0.99360,0.72280,-0.22097,0.46953,1.46325,-0.19789,0.20358,2.95414,0.009403
349,2.64951,0.21152,-1.89154,-0.14856,-1.66946,0.95526,0.46988,1.60765,-0.17395,0.09459,1.38778,0.04054,0.24377,-0.16200,0.47004,0.99972,0.71370,-0.21504,0.46976,1.46442,-0.19717,0.20560,2.95414,0.009403
350,2.64838,0.21048,-1.89050,-0.14826,-1.66974,0.95445,0.46992,1.60807,-0.17408,0.09266,1.38757,0.04417,0.24014,-0.16200,0.47003,1.00559,0.70531,-0.20996,0.46955,1.46707,-0.19785,0.20428,2.95781,0.009415
351,2.64773,0.21081,-1.89080,-0.14897,-1.66940,0.95582,0.46988,1.60736,-0.17401,0.09262,1.38781,0.04502,0.23731,-0.16200,0.47005,1.01140,0.69563,-0.20284,0.46990,1.46884,-0.19715,0.20231,2.95781,0.009415
352,2.64662,0.21083,-1.89022,-0.14873,-1.66975,0.95474,0.46992,1.60788,-0.17406,0.09067,1.38761,0.04696,0.23379,-0.16200,0.47004,1.01743,0.68742,-0.19847,0.46958,1.47181,-0.19753,0.20053,2.95781,0.009415
353,2.64613,0.21124,-1.89061,-0.14950,-1.66936,0.95657,0.46988,1.60734,-0.17398,0.09061,1.38772,0.04833,0.23097,-0.16200,0.47004,1.02323,0.67780,-0.19202,0.46985,1.47367,-0.19655,0.19856,2.95781,0.009415
354,2.64510,0.21075,-1.89011,-0.14928,-1.66965,0.95575,0.46992,1.60794,-0.17404,0.08865,1.38741,0.05240,0.22745,-0.16200,0.47002,1.02918,0.66961,-0.18825,0.46951,1.47682,-0.19680,0.19567,2.95781,0.009415
355,2.64455,0.21100,-1.89077,-0.15008,-1.66925,0.95610,0.46988,1.60745,-0.17399,0.08858,1.38777,0.05548,0.22567,-0.16200,0.47006,1.03417,0.66008,-0.18207,0.47002,1.47849,-0.19560,0.19354,2.95781,0.009415
356,2.64349,0.21068,-1.89045,-0.14986,-1.66963,0.95425,0.46992,1.60802,-0.17406,0.08660,1.38790,0.05908,0.22430,-0.16200,0.47005,1.04003,0.65041,-0.17837,0.46981,1.47993,-0.19435,0.19284,2.95781,0.009415
357,2.64291,0.21119,-1.89120,-0.15061,-1.66931,0.95529,0.46988,1.60731,-0.17400,0.08653,1.38817,0.06109,0.22399,-0.16200,0.47006,1.04542,0.63906,-0.17248,0.47001,1.47962,-0.19360,0.19279,2.95781,0.009415
358,2.64185,0.21113,-1.89091,-0.15041,-1.66965,0.95374,0.46992,1.60794,-0.17405,0.08455,1.38798,0.06503,0.22272,-0.16200,0.47005,1.05116,0.62939,-0.16911,0.46977,1.48106,-0.19415,0.19108,2.95781,0.009415
