step,cap_deg,ix_j0,ix_j1,ix_j2,ix_j3,th_j0,th_j1,th_j2,th_j3,mi_j0,mi_j1,mi_j2,mi_j3,ri_j0,ri_j1,ri_j2,ri_j3
0,0.0,0.07883,1.236008,-0.010687,-0.183257,1.248891,0.02524,0.432841,-0.153742,0.189307,1.270001,0.053449,-0.129705,0.40033,1.596111,-0.024014,-0.213111
1,1.21,0.07883,1.236008,-0.032459,-0.211035,1.248891,0.053018,0.405064,-0.159372,0.189307,1.297778,0.081226,-0.101927,0.428108,1.568333,-0.051792,-0.185333
2,1.94,0.092719,1.249897,-0.068121,-0.227,1.26278,0.094685,0.372002,-0.162,0.203196,1.339445,0.122893,-0.06026,0.469775,1.526666,-0.066931,-0.143666
3,3.39,0.092719,1.277675,-0.117671,-0.227,1.290558,0.13006,0.35283,-0.162,0.230974,1.389383,0.172682,-0.010324,0.47,1.480554,-0.068181,-0.094295
4,3.82,0.07883,1.319342,-0.165431,-0.227,1.332225,0.171188,0.347546,-0.162,0.272641,1.438497,0.208581,0.033497,0.458357,1.44833,-0.055542,-0.058814
5,7.96,0.051052,1.360802,-0.174,-0.227,1.379464,0.218668,0.356151,-0.162,0.297416,1.454572,0.218904,0.078314,0.429785,1.427526,-0.029014,-0.037221
6,13.71,0.009385,1.400939,-0.174,-0.227,1.396,0.257088,0.378646,-0.162,0.255534,1.448511,0.207221,0.125863,0.392935,1.416771,0.011403,-0.016872
7,20.78,-0.039048,1.441768,-0.174,-0.227,1.396,0.292791,0.415029,-0.162,0.209769,1.444544,0.197998,0.162136,0.365625,1.419905,0.054227,0.015284
8,25.52,-0.08699,1.473927,-0.174,-0.227,1.396,0.32851,0.463193,-0.162,0.198522,1.436587,0.17397,0.198411,0.322688,1.436927,0.063255,0.061328
9,27.59,-0.134635,1.511807,-0.174,-0.227,1.396,0.364423,0.509479,-0.162,0.180276,1.432749,0.163897,0.23456,0.310053,1.467839,0.041257,0.097663
10,31.42,-0.176708,1.541997,-0.174,-0.227,1.396,0.400404,0.543322,-0.162,0.169061,1.426631,0.153627,0.270715,0.291033,1.506352,0.033671,0.123992
11,34.5,-0.212753,1.566368,-0.174,-0.227,1.396,0.436563,0.577993,-0.162,0.157296,1.418325,0.142691,0.306744,0.265834,1.537671,0.018257,0.136432
12,35.34,-0.248742,1.580778,-0.174,-0.227,1.396,0.472852,0.607997,-0.162,0.166284,1.419723,0.123794,0.342671,0.294291,1.543045,-0.013856,0.134984
13,35.51,-0.278029,1.581299,-0.174,-0.227,1.396,0.5096,0.625328,-0.162,0.161871,1.418321,0.091007,0.36682,0.287705,1.550446,-0.037253,0.121475
14,35.92,-0.263104,1.595709,-0.174,-0.227,1.396,0.541555,0.634667,-0.162,0.177459,1.439683,0.062998,0.37708,0.305248,1.56267,-0.044368,0.121856
15,36.64,-0.263973,1.61,-0.174,-0.227,1.396,0.559621,0.62621,-0.162,0.175452,1.468055,0.0211,0.401229,0.310007,1.572125,-0.042219,0.136126
16,36.84,-0.26357,1.61,-0.174,-0.227,1.396,0.580892,0.603657,-0.162,0.174531,1.489991,-0.026045,0.439267,0.308574,1.585006,-0.046544,0.164285
17,36.82,-0.265442,1.61,-0.174,-0.227,1.396,0.589442,0.588295,-0.162,0.172584,1.52008,-0.063647,0.484508,0.306942,1.595007,-0.063297,0.181065
18,36.94,-0.258226,1.61,-0.174,-0.227,1.361477,0.611882,0.592275,-0.162,0.178658,1.534072,-0.093124,0.51586,0.311099,1.599582,-0.052984,0.190283
19,37.21,-0.24962,1.61,-0.174,-0.227,1.311938,0.64821,0.608071,-0.162,0.185484,1.550881,-0.108711,0.533323,0.31581,1.608553,-0.039188,0.201758
20,37.71,-0.243366,1.61,-0.174,-0.227,1.29767,0.67065,0.609293,-0.162,0.191425,1.550314,-0.117932,0.553519,0.318641,1.61,-0.036404,0.226767
21,38.0,-0.240734,1.61,-0.174,-0.227,1.275623,0.690229,0.616139,-0.162,0.195103,1.563881,-0.129095,0.559826,0.325119,1.607389,-0.029787,0.246149
22,38.67,-0.236064,1.61,-0.174,-0.227,1.260432,0.717261,0.624744,-0.162,0.199136,1.563577,-0.128135,0.552244,0.328219,1.607027,-0.035856,0.274171
23,39.14,-0.231527,1.61,-0.174,-0.227,1.248387,0.73295,0.634343,-0.162,0.204485,1.534972,-0.128715,0.530773,0.329656,1.598147,-0.030274,0.303973
24,39.38,-0.239829,1.61,-0.174,-0.227,1.272588,0.744415,0.644234,-0.162,0.197302,1.520324,-0.115407,0.512881,0.324623,1.583415,-0.039854,0.3284
25,42.25,-0.245502,1.61,-0.174,-0.227,1.306759,0.769769,0.671273,-0.162,0.192189,1.504332,-0.115987,0.49537,0.321013,1.566597,-0.045048,0.338938
26,49.58,-0.243485,1.61,-0.174,-0.227,1.344855,0.809011,0.703941,-0.162,0.195154,1.492337,-0.111903,0.491748,0.325014,1.555549,-0.046712,0.363365
27,59.62,-0.260403,1.61,-0.174,-0.227,1.37698,0.834365,0.727088,-0.162,0.17903,1.451747,-0.121708,0.502015,0.313549,1.519324,-0.077134,0.373903
28,59.82,-0.265218,1.61,-0.174,-0.227,1.396,0.869709,0.739041,-0.162,0.176959,1.426859,-0.145402,0.526171,0.31361,1.497125,-0.079943,0.370552
29,64.13,-0.270498,1.602134,-0.174,-0.227,1.396,0.891165,0.745885,-0.162,0.173896,1.403373,-0.174,0.546799,0.313405,1.481044,-0.084919,0.353312
30,63.81,-0.263502,1.602029,-0.174,-0.227,1.396,0.898731,0.737776,-0.162,0.18138,1.406807,-0.174,0.553538,0.320126,1.474673,-0.078829,0.322184
31,64.01,-0.251409,1.61,-0.174,-0.227,1.396,0.892409,0.731823,-0.162,0.193075,1.425614,-0.174,0.551218,0.331227,1.480115,-0.060523,0.280879
32,64.57,-0.237045,1.61,-0.174,-0.227,1.370477,0.872197,0.709606,-0.162,0.206854,1.452405,-0.174,0.543212,0.343531,1.493397,-0.034622,0.245132
33,64.82,-0.235972,1.61,-0.174,-0.227,1.344322,0.838097,0.673141,-0.162,0.204388,1.463302,-0.174,0.549094,0.337414,1.506032,-0.020009,0.207858
34,64.76,-0.235997,1.61,-0.174,-0.227,1.317757,0.790303,0.653225,-0.162,0.203301,1.48264,-0.174,0.541088,0.336227,1.509277,0.005551,0.178752
35,64.49,-0.232037,1.61,-0.174,-0.227,1.28912,0.741452,0.656788,-0.162,0.204821,1.498003,-0.172016,0.532213,0.335967,1.509226,0.037754,0.162096
36,64.45,-0.224964,1.61,-0.174,-0.227,1.2642,0.710198,0.666592,-0.162,0.211496,1.505454,-0.156144,0.50945,0.341123,1.507202,0.061718,0.159329
37,64.41,-0.226692,1.61,-0.174,-0.227,1.23935,0.688001,0.688309,-0.162,0.211383,1.491774,-0.134087,0.500575,0.342017,1.505746,0.055403,0.170451
38,64.34,-0.228263,1.61,-0.174,-0.227,1.229635,0.679693,0.709834,-0.162,0.211336,1.474878,-0.12592,0.505589,0.343572,1.498666,0.046391,0.195462
39,64.3,-0.239385,1.61,-0.174,-0.227,1.241892,0.685275,0.730229,-0.162,0.202236,1.454638,-0.131642,0.524493,0.337094,1.487226,0.030321,0.210954
40,64.79,-0.242184,1.61,-0.174,-0.227,1.274916,0.704745,0.736287,-0.162,0.201848,1.440992,-0.1282,0.529507,0.338076,1.47444,0.024223,0.212556
41,69.0,-0.252325,1.61,-0.174,-0.227,1.303715,0.710326,0.747575,-0.162,0.193644,1.421865,-0.110868,0.54841,0.33389,1.459037,0.012468,0.20027
42,69.55,-0.245368,1.602587,-0.174,-0.227,1.33655,0.702018,0.740085,-0.162,0.20213,1.414842,-0.088871,0.553425,0.342817,1.451472,0.015546,0.174095
43,69.7,-0.243632,1.608156,-0.174,-0.227,1.341288,0.689869,0.722844,-0.162,0.20314,1.422605,-0.083899,0.54455,0.343462,1.441766,0.0494,0.148342
44,69.67,-0.240782,1.61,-0.174,-0.227,1.335001,0.663831,0.704076,-0.162,0.204718,1.436296,-0.085039,0.521787,0.344164,1.438039,0.088182,0.136477
45,69.41,-0.23473,1.61,-0.174,-0.227,1.324741,0.627903,0.696445,-0.162,0.208989,1.450243,-0.084713,0.493574,0.346369,1.435012,0.117104,0.130179
46,69.47,-0.231489,1.61,-0.174,-0.227,1.313577,0.605864,0.693504,-0.162,0.211563,1.44902,-0.075911,0.479251,0.347218,1.422627,0.119603,0.13777
47,69.49,-0.232906,1.61,-0.174,-0.227,1.306644,0.597713,0.696404,-0.162,0.210638,1.441522,-0.06616,0.478817,0.346749,1.423948,0.119857,0.15925
48,69.47,-0.239176,1.61,-0.174,-0.227,1.316438,0.603452,0.700407,-0.162,0.205537,1.431801,-0.065306,0.492271,0.342937,1.432989,0.106676,0.166841
49,69.52,-0.242433,1.61,-0.174,-0.227,1.345474,0.62308,0.695881,-0.162,0.203051,1.426021,-0.07834,0.49347,0.341023,1.433188,0.092331,0.169911
50,70.43,-0.249012,1.60381,-0.174,-0.227,1.384809,0.656596,0.685731,-0.162,0.196938,1.42446,-0.079401,0.480779,0.337045,1.435774,0.070276,0.159092
51,75.17,-0.259545,1.588482,-0.174,-0.227,1.396,0.676224,0.693334,-0.162,0.187838,1.40175,-0.081891,0.481978,0.33087,1.436476,0.024186,0.134384
52,79.94,-0.260237,1.571707,-0.174,-0.227,1.396,0.681963,0.700874,-0.162,0.189352,1.395879,-0.086044,0.496834,0.335265,1.430132,0.012792,0.095787
53,80.15,-0.249605,1.586155,-0.174,-0.227,1.396,0.673812,0.683894,-0.162,0.19943,1.402991,-0.080267,0.497801,0.342417,1.419006,0.055458,0.055684
54,80.2,-0.244776,1.605648,-0.174,-0.227,1.396,0.651773,0.669809,-0.162,0.202722,1.422384,-0.089304,0.48488,0.345352,1.413567,0.104414,0.019638
55,80.54,-0.230501,1.61,-0.174,-0.227,1.396,0.634076,0.646902,-0.162,0.214932,1.430459,-0.086886,0.485847,0.351948,1.415237,0.153511,-0.00252
56,80.7,-0.228943,1.61,-0.174,-0.227,1.3938,0.630267,0.615012,-0.162,0.213051,1.445512,-0.085533,0.500703,0.347859,1.42622,0.195741,-0.010788
57,81.05,-0.228054,1.61,-0.174,-0.227,1.368346,0.640347,0.596448,-0.162,0.212693,1.458831,-0.070291,0.516781,0.347554,1.433851,0.208294,-0.005167
58,81.35,-0.228129,1.61,-0.174,-0.227,1.33469,0.664316,0.586635,-0.162,0.211406,1.474321,-0.063216,0.51897,0.34444,1.44198,0.222768,0.014342
59,81.95,-0.227673,1.61,-0.174,-0.227,1.315257,0.674396,0.585985,-0.162,0.21107,1.492263,-0.079662,0.50727,0.344846,1.448876,0.231592,0.04774
60,82.69,-0.237764,1.61,-0.174,-0.227,1.332749,0.698365,0.59746,-0.162,0.201373,1.479203,-0.075204,0.509459,0.335319,1.451843,0.196019,0.082623
61,83.01,-0.229733,1.61,-0.174,-0.227,1.351462,0.708445,0.602242,-0.162,0.210559,1.480152,-0.087154,0.497759,0.344729,1.466841,0.160851,0.103616
62,87.87,-0.251413,1.61,-0.174,-0.227,1.385045,0.704636,0.614479,-0.162,0.19076,1.459388,-0.084284,0.499948,0.32842,1.476375,0.102708,0.110721
63,90.46,-0.249795,1.61,-0.174,-0.227,1.396,0.714716,0.618055,-0.162,0.192972,1.443514,-0.076457,0.488248,0.331206,1.468768,0.078109,0.103936
64,94.7,-0.252537,1.600308,-0.174,-0.227,1.396,0.710907,0.618129,-0.162,0.195569,1.432776,-0.096985,0.490437,0.337452,1.470344,0.037787,0.083263
65,95.42,-0.2625,1.596374,-0.174,-0.227,1.396,0.69321,0.616609,-0.162,0.184344,1.416251,-0.078023,0.503681,0.325911,1.467993,0.017165,0.048701
66,95.49,-0.259492,1.599858,-0.174,-0.227,1.396,0.661623,0.592844,-0.162,0.186208,1.427727,-0.069678,0.503036,0.326848,1.457368,0.022849,0.003233
67,95.57,-0.249152,1.61,-0.174,-0.227,1.396,0.643925,0.587974,-0.162,0.19598,1.436768,-0.066674,0.507646,0.334277,1.460632,0.058035,-0.028345
68,95.88,-0.243241,1.61,-0.174,-0.227,1.396,0.640116,0.577997,-0.162,0.200942,1.444993,-0.0661,0.498366,0.338446,1.477784,0.084089,-0.046035
69,96.25,-0.241241,1.61,-0.174,-0.227,1.396,0.650196,0.546634,-0.162,0.202635,1.4592,-0.063572,0.502976,0.33905,1.487919,0.11759,-0.049835
70,97.04,-0.239409,1.61,-0.174,-0.227,1.396,0.674166,0.539712,-0.162,0.201738,1.471319,-0.066101,0.493696,0.336156,1.492668,0.135195,-0.039747
71,97.72,-0.241346,1.61,-0.174,-0.227,1.396,0.70722,0.536503,-0.162,0.199898,1.473484,-0.055491,0.488013,0.333778,1.494291,0.147968,-0.01577
72,98.53,-0.241299,1.61,-0.174,-0.227,1.396,0.726385,0.529864,-0.162,0.198473,1.479302,-0.056843,0.485442,0.331767,1.499753,0.142789,0.022096
73,98.46,-0.251255,1.61,-0.174,-0.227,1.396,0.731662,0.524826,-0.162,0.187824,1.477082,-0.054705,0.496761,0.320914,1.50923,0.1106,0.049926
74,100.37,-0.274592,1.61,-0.174,-0.227,1.396,0.750828,0.532545,-0.162,0.164175,1.471246,-0.060288,0.49419,0.302034,1.5284,0.033436,0.063867
75,107.11,-0.279248,1.61,-0.174,-0.227,1.396,0.765478,0.567689,-0.162,0.162643,1.452584,-0.065164,0.505508,0.300076,1.542763,-0.017332,0.063919
76,114.04,-0.306824,1.61,-0.174,-0.227,1.396,0.774332,0.603353,-0.162,0.132822,1.429034,-0.076458,0.502937,0.273486,1.538762,-0.055538,0.050082
77,115.64,-0.321213,1.61,-0.174,-0.227,1.396,0.769296,0.639059,-0.162,0.119345,1.418098,-0.090828,0.486478,0.265959,1.52227,-0.066866,0.022356
78,118.54,-0.334935,1.61,-0.174,-0.227,1.396,0.750372,0.670566,-0.162,0.107062,1.400344,-0.093905,0.483907,0.256256,1.507558,-0.066658,-0.016609
79,119.7,-0.33887,1.61,-0.174,-0.227,1.396,0.717559,0.677078,-0.162,0.103143,1.394911,-0.110871,0.495225,0.254175,1.498706,-0.052693,-0.053367
80,119.9,-0.329448,1.61,-0.174,-0.227,1.396,0.698635,0.672374,-0.162,0.113592,1.398083,-0.141726,0.520432,0.263929,1.494095,-0.027436,-0.076236
81,119.76,-0.302577,1.61,-0.174,-0.227,1.396,0.690553,0.681474,-0.162,0.132655,1.403695,-0.158692,0.531751,0.294789,1.500524,-0.008669,-0.093521
82,120.3,-0.285104,1.61,-0.174,-0.227,1.396,0.668583,0.66443,-0.162,0.148849,1.410141,-0.161769,0.52918,0.304325,1.507113,0.014898,-0.119091
83,121.34,-0.283598,1.61,-0.174,-0.227,1.396,0.660501,0.650392,-0.162,0.161255,1.419584,-0.163052,0.520807,0.306442,1.505187,0.032934,-0.130772
84,121.75,-0.285727,1.61,-0.174,-0.227,1.394299,0.666308,0.646481,-0.162,0.158745,1.423698,-0.150446,0.510791,0.304336,1.504355,0.048377,-0.128564
85,122.52,-0.283604,1.61,-0.174,-0.227,1.37921,0.686005,0.641502,-0.162,0.159614,1.433699,-0.123951,0.505758,0.30473,1.505345,0.064208,-0.112468
86,123.42,-0.284274,1.61,-0.174,-0.227,1.385213,0.691812,0.630975,-0.162,0.15867,1.438038,-0.107555,0.489672,0.302987,1.50845,0.067604,-0.082482
87,123.68,-0.292213,1.61,-0.174,-0.227,1.396,0.68457,0.62012,-0.162,0.149653,1.43995,-0.089092,0.487474,0.293894,1.515459,0.048933,-0.044164
88,122.69,-0.310489,1.61,-0.174,-0.227,1.396,0.691218,0.615991,-0.162,0.129117,1.437732,-0.069052,0.499165,0.273156,1.52949,0.010266,-0.010733
89,122.21,-0.320272,1.61,-0.174,-0.227,1.396,0.704652,0.628772,-0.162,0.12039,1.434707,-0.095517,0.524746,0.268245,1.535998,-0.047455,0.008808
90,122.91,-0.337517,1.61,-0.174,-0.227,1.396,0.704197,0.631128,-0.162,0.10366,1.413899,-0.090943,0.536437,0.256122,1.535838,-0.092435,0.014461
91,123.71,-0.333706,1.61,-0.174,-0.227,1.396,0.689854,0.634838,-0.162,0.109578,1.410188,-0.100258,0.534239,0.260678,1.522304,-0.082541,0.006224
92,124.0,-0.316707,1.61,-0.174,-0.227,1.396,0.661621,0.655426,-0.162,0.129033,1.401158,-0.100704,0.518153,0.281356,1.511012,-0.067792,-0.015901
93,124.51,-0.320309,1.61,-0.174,-0.227,1.396,0.647278,0.664283,-0.162,0.12609,1.394168,-0.100201,0.515955,0.280097,1.504036,-0.062883,-0.024138
94,124.67,-0.304583,1.61,-0.174,-0.227,1.396,0.619045,0.653253,-0.162,0.124168,1.398967,-0.101221,0.499868,0.295209,1.503518,-0.045474,-0.046263
95,124.69,-0.301789,1.61,-0.174,-0.227,1.396,0.604702,0.635641,-0.162,0.108357,1.406843,-0.096137,0.497671,0.295339,1.507588,-0.035156,-0.054499
96,125.1,-0.285816,1.61,-0.174,-0.227,1.396,0.601579,0.616339,-0.162,0.106435,1.40744,-0.071524,0.502358,0.306627,1.5164,-0.012011,-0.048847
97,125.88,-0.286345,1.61,-0.161326,-0.227,1.396,0.612346,0.591627,-0.162,0.118402,1.416299,-0.070861,0.517296,0.303878,1.519455,-0.007543,-0.057083
98,126.64,-0.280926,1.61,-0.16254,-0.227,1.396,0.637002,0.597299,-0.162,0.143003,1.411588,-0.067619,0.518345,0.309065,1.521601,-0.006766,-0.052476
99,127.08,-0.283727,1.61,-0.174,-0.227,1.396,0.675546,0.600271,-0.162,0.160736,1.415608,-0.076365,0.505505,0.306928,1.518353,-0.004639,-0.033979
100,127.53,-0.291018,1.61,-0.174,-0.227,1.396,0.700202,0.600477,-0.162,0.153044,1.413373,-0.076582,0.506554,0.299559,1.524814,-0.022976,-0.022869
101,127.28,-0.307235,1.61,-0.174,-0.227,1.396,0.710969,0.606399,-0.162,0.135572,1.406725,-0.077158,0.521492,0.283737,1.531403,-0.057519,-0.025648
102,127.05,-0.324324,1.61,-0.174,-0.227,1.396,0.735624,0.614005,-0.162,0.11811,1.403823,-0.076414,0.52254,0.269304,1.532159,-0.086993,-0.042315
103,127.31,-0.324516,1.608395,-0.174,-0.227,1.396,0.746391,0.625067,-0.162,0.120472,1.395204,-0.084783,0.519533,0.272022,1.519188,-0.07021,-0.072872
104,127.94,-0.330629,1.603986,-0.174,-0.227,1.396,0.743269,0.628079,-0.162,0.114686,1.392312,-0.089087,0.51612,0.266631,1.510678,-0.060411,-0.096165
105,128.2,-0.316797,1.608157,-0.174,-0.227,1.396,0.726257,0.617184,-0.162,0.108258,1.395333,-0.085529,0.498817,0.281528,1.512028,-0.044553,-0.133347
106,128.14,-0.305985,1.61,-0.174,-0.227,1.396,0.695357,0.612418,-0.162,0.087941,1.40549,-0.095835,0.474654,0.292548,1.514823,-0.02397,-0.15664
107,128.25,-0.300314,1.61,-0.174,-0.227,1.390382,0.678346,0.604701,-0.162,0.068014,1.413245,-0.086316,0.464381,0.295351,1.513669,-0.001178,-0.166044
108,128.69,-0.288003,1.61,-0.174,-0.227,1.396,0.647446,0.581223,-0.162,0.061081,1.424413,-0.064461,0.467996,0.299957,1.513119,0.017101,-0.16156
109,129.76,-0.276964,1.61,-0.174,-0.227,1.396,0.630435,0.579161,-0.162,0.068037,1.421466,-0.061299,0.4855,0.309872,1.506768,0.049269,-0.143186
110,130.15,-0.275361,1.61,-0.174,-0.227,1.396,0.627313,0.574048,-0.162,0.088882,1.423389,-0.069263,0.489115,0.312578,1.508586,0.069153,-0.138701
111,130.28,-0.285978,1.61,-0.174,-0.227,1.396,0.638079,0.577959,-0.162,0.123615,1.423575,-0.072746,0.478841,0.302641,1.517265,0.044964,-0.148105
112,130.24,-0.294104,1.61,-0.174,-0.227,1.396,0.662735,0.582018,-0.162,0.149339,1.414848,-0.06413,0.482456,0.295867,1.523154,0.019327,-0.143621
113,130.27,-0.297821,1.61,-0.174,-0.227,1.396,0.673502,0.576906,-0.162,0.144703,1.413353,-0.054367,0.499961,0.291749,1.532338,0.008622,-0.125247
114,130.38,-0.303582,1.61,-0.174,-0.227,1.396,0.670379,0.580753,-0.162,0.138716,1.412657,-0.058565,0.531354,0.286165,1.536759,-0.008357,-0.120762
115,130.47,-0.299849,1.61,-0.174,-0.227,1.396,0.653368,0.584973,-0.162,0.137392,1.407033,-0.063793,0.548858,0.291771,1.533936,-0.012409,-0.130166
116,130.52,-0.297443,1.61,-0.174,-0.227,1.396,0.638765,0.576799,-0.162,0.142991,1.411035,-0.072082,0.552473,0.295239,1.531731,-0.001171,-0.141484
117,131.04,-0.285886,1.61,-0.174,-0.227,1.396,0.638051,0.575913,-0.162,0.134702,1.421176,-0.083303,0.542199,0.305466,1.525297,0.024349,-0.138913
118,131.99,-0.283019,1.61,-0.174,-0.227,1.396,0.623448,0.568579,-0.162,0.140302,1.431349,-0.098442,0.518036,0.308173,1.516245,0.046412,-0.129684
119,132.43,-0.267075,1.61,-0.174,-0.227,1.396,0.622734,0.556632,-0.162,0.152236,1.427809,-0.070154,0.479985,0.319601,1.51215,0.082365,-0.106565
120,132.77,-0.272686,1.61,-0.174,-0.227,1.396,0.635909,0.542439,-0.162,0.169058,1.433905,-0.067345,0.455822,0.311673,1.522564,0.072534,-0.097336
121,132.9,-0.27592,1.61,-0.174,-0.227,1.396,0.635195,0.536216,-0.162,0.164586,1.434942,-0.066835,0.445548,0.305963,1.542638,0.041849,-0.085252
122,132.35,-0.289925,1.61,-0.174,-0.227,1.396,0.648369,0.531585,-0.162,0.148214,1.434152,-0.080214,0.449163,0.287963,1.561401,0.00262,-0.064237
123,132.13,-0.308329,1.61,-0.174,-0.227,1.396,0.675433,0.541032,-0.162,0.128642,1.4368,-0.086614,0.43889,0.271731,1.566825,-0.050471,-0.057112
124,132.77,-0.31516,1.61,-0.174,-0.227,1.396,0.693155,0.559042,-0.162,0.119915,1.428374,-0.106902,0.414727,0.263704,1.558359,-0.066768,-0.063875
125,133.58,-0.325464,1.61,-0.174,-0.227,1.396,0.696988,0.579294,-0.162,0.112949,1.423791,-0.113301,0.404453,0.258467,1.563782,-0.083719,-0.084527
126,134.27,-0.329193,1.61,-0.174,-0.227,1.396,0.686932,0.587025,-0.162,0.109173,1.418018,-0.13359,0.408068,0.254239,1.574871,-0.08449,-0.119068
127,134.47,-0.319545,1.61,-0.174,-0.227,1.396,0.662987,0.587475,-0.162,0.119236,1.421656,-0.143474,0.425572,0.264545,1.575474,-0.076107,-0.148329
128,134.49,-0.315391,1.61,-0.174,-0.227,1.396,0.629295,0.588689,-0.162,0.11708,1.421817,-0.13947,0.456965,0.270374,1.569699,-0.064887,-0.163702
129,134.5,-0.301859,1.61,-0.174,-0.227,1.396,0.609492,0.597664,-0.162,0.102608,1.426335,-0.121577,0.474469,0.284785,1.564117,-0.040327,-0.165186
130,134.82,-0.301597,1.61,-0.174,-0.227,1.396,0.603578,0.578281,-0.162,0.090532,1.439687,-0.089794,0.478085,0.284277,1.563989,-0.028361,-0.152781
131,136.0,-0.286056,1.61,-0.174,-0.227,1.396,0.611553,0.560972,-0.162,0.092344,1.446664,-0.071901,0.467811,0.295033,1.567012,0.006249,-0.154265
132,137.31,-0.282234,1.61,-0.174,-0.227,1.396,0.633417,0.561915,-0.162,0.108046,1.439522,-0.066643,0.443648,0.30176,1.562473,0.001262,-0.14186
133,137.51,-0.286788,1.61,-0.174,-0.227,1.396,0.661755,0.56565,-0.162,0.13584,1.435814,-0.060533,0.433374,0.298432,1.566175,-0.008488,-0.115566
134,137.56,-0.290343,1.61,-0.174,-0.227,1.396,0.676205,0.563895,-0.162,0.149727,1.433275,-0.047394,0.436989,0.293087,1.571334,-0.018277,-0.10316
135,137.43,-0.300885,1.61,-0.174,-0.227,1.396,0.676766,0.572273,-0.162,0.138023,1.434852,-0.05177,0.454494,0.280882,1.579827,-0.044018,-0.104644
136,137.86,-0.310539,1.61,-0.174,-0.227,1.396,0.691216,0.585209,-0.162,0.128395,1.429866,-0.06427,0.458109,0.274886,1.577518,-0.071006,-0.111875
137,137.89,-0.303618,1.61,-0.174,-0.227,1.396,0.691777,0.584358,-0.162,0.119945,1.429322,-0.066778,0.447835,0.282506,1.575533,-0.061628,-0.132994
138,138.13,-0.307669,1.61,-0.174,-0.227,1.396,0.678449,0.579801,-0.162,0.110743,1.42462,-0.052964,0.45145,0.276835,1.570995,-0.053844,-0.140224
139,138.17,-0.301408,1.61,-0.174,-0.227,1.396,0.651232,0.574653,-0.162,0.087651,1.428776,-0.057151,0.468954,0.282745,1.570401,-0.043221,-0.158792
140,138.43,-0.297921,1.61,-0.174,-0.227,1.396,0.622304,0.567564,-0.162,0.070396,1.440237,-0.066763,0.472569,0.285609,1.572272,-0.028021,-0.163471
141,139.32,-0.28467,1.61,-0.174,-0.227,1.396,0.607265,0.552716,-0.162,0.067031,1.445974,-0.065505,0.462296,0.29736,1.575164,-0.011743,-0.154261
142,139.71,-0.286889,1.61,-0.174,-0.227,1.396,0.606114,0.535735,-0.162,0.077555,1.448623,-0.048022,0.440576,0.290191,1.576805,0.006042,-0.131162
143,140.36,-0.277963,1.61,-0.174,-0.227,1.396,0.618853,0.518803,-0.162,0.101967,1.460178,-0.052857,0.432746,0.298816,1.57671,0.021738,-0.094797
144,140.21,-0.287512,1.61,-0.174,-0.227,1.396,0.64548,0.513764,-0.162,0.140268,1.464178,-0.04801,0.438805,0.287076,1.595212,-0.012764,-0.072321
145,140.01,-0.301223,1.61,-0.174,-0.227,1.396,0.658219,0.511256,-0.162,0.132656,1.463484,-0.053776,0.458753,0.271357,1.61,-0.046321,-0.063734
146,140.29,-0.297273,1.61,-0.174,-0.227,1.396,0.657068,0.529204,-0.162,0.138115,1.455616,-0.062389,0.464811,0.278398,1.61,-0.068843,-0.069035
147,141.25,-0.303132,1.61,-0.174,-0.227,1.396,0.642029,0.546981,-0.162,0.128496,1.435212,-0.084892,0.484044,0.271253,1.592978,-0.075476,-0.088226
148,142.2,-0.31082,1.61,-0.174,-0.227,1.396,0.613101,0.552999,-0.162,0.128093,1.431257,-0.093505,0.489388,0.272527,1.582475,-0.072403,-0.112389
149,142.56,-0.308602,1.61,-0.174,-0.227,1.396,0.598061,0.554519,-0.162,0.131394,1.427044,-0.088229,0.480843,0.276834,1.575348,-0.067193,-0.122664
150,142.69,-0.30232,1.61,-0.174,-0.227,1.396,0.596911,0.552227,-0.162,0.135025,1.429555,-0.070518,0.458409,0.284656,1.570866,-0.055541,-0.119049
151,142.82,-0.294151,1.61,-0.174,-0.227,1.396,0.609649,0.550775,-0.162,0.124767,1.436414,-0.075526,0.449864,0.291317,1.57186,-0.043943,-0.101546
152,143.33,-0.288186,1.61,-0.174,-0.227,1.396,0.608499,0.547273,-0.162,0.118252,1.445904,-0.080044,0.447213,0.296427,1.576663,-0.043941,-0.070153
153,144.27,-0.273809,1.61,-0.174,-0.227,1.396,0.614271,0.536526,-0.162,0.125627,1.4381,-0.06199,0.45845,0.307916,1.57627,-0.033836,-0.048241
154,144.43,-0.277673,1.61,-0.174,-0.227,1.396,0.606155,0.527506,-0.162,0.146891,1.439503,-0.057824,0.480646,0.301312,1.579877,-0.030428,-0.02796
155,144.42,-0.283887,1.61,-0.174,-0.227,1.396,0.611927,0.519446,-0.162,0.153453,1.446168,-0.067547,0.488954,0.293379,1.590635,-0.048627,-0.021567
156,144.6,-0.289595,1.61,-0.174,-0.227,1.396,0.631588,0.533705,-0.162,0.148874,1.441512,-0.087828,0.483372,0.290504,1.590391,-0.073613,-0.029063
157,144.93,-0.29939,1.61,-0.174,-0.227,1.396,0.63736,0.549804,-0.162,0.139792,1.425544,-0.107617,0.49168,0.28317,1.579861,-0.089128,-0.050448
158,145.25,-0.30223,1.61,-0.174,-0.227,1.396,0.629244,0.553984,-0.162,0.137483,1.414844,-0.113517,0.488051,0.280252,1.572177,-0.082655,-0.079314
159,145.43,-0.302262,1.61,-0.174,-0.227,1.396,0.607238,0.555584,-0.162,0.138453,1.415239,-0.105528,0.498311,0.283007,1.565611,-0.076543,-0.094291
160,145.39,-0.297923,1.61,-0.174,-0.227,1.396,0.599121,0.55046,-0.162,0.130531,1.418299,-0.08365,0.494681,0.287773,1.563222,-0.063505,-0.095379
161,145.24,-0.294573,1.61,-0.174,-0.227,1.396,0.604894,0.549497,-0.162,0.136498,1.422747,-0.064196,0.477163,0.290554,1.564121,-0.054602,-0.082578
162,145.42,-0.286938,1.61,-0.174,-0.227,1.396,0.596777,0.546503,-0.162,0.128576,1.426667,-0.063152,0.473534,0.298138,1.565268,-0.045819,-0.083666
163,145.75,-0.283297,1.61,-0.174,-0.227,1.396,0.59186,0.543713,-0.162,0.11878,1.430498,-0.061698,0.483794,0.301008,1.569082,-0.043812,-0.070865
164,146.66,-0.274828,1.61,-0.174,-0.227,1.396,0.573054,0.533608,-0.162,0.122873,1.438134,-0.060634,0.480165,0.306617,1.570956,-0.028142,-0.064948
165,147.74,-0.271899,1.61,-0.174,-0.227,1.396,0.568136,0.512287,-0.162,0.140855,1.444786,-0.058963,0.483421,0.307567,1.579299,-0.032268,-0.045141
166,148.1,-0.26583,1.61,-0.174,-0.227,1.396,0.5606,0.49321,-0.162,0.172291,1.449635,-0.057226,0.476314,0.311027,1.589292,-0.022351,-0.039223
167,148.14,-0.275687,1.61,-0.174,-0.227,1.396,0.566952,0.508304,-0.162,0.162846,1.441085,-0.069379,0.483096,0.302599,1.590691,-0.045352,-0.047194
168,148.33,-0.278739,1.61,-0.174,-0.227,1.396,0.587193,0.51677,-0.162,0.159985,1.435217,-0.09542,0.476756,0.299927,1.590134,-0.06032,-0.064786
169,149.56,-0.291842,1.61,-0.174,-0.227,1.396,0.6164,0.522575,-0.162,0.146546,1.431139,-0.107573,0.456527,0.28652,1.586464,-0.06155,-0.068489
170,150.24,-0.289433,1.61,-0.174,-0.227,1.396,0.631718,0.533056,-0.162,0.149729,1.438503,-0.105836,0.450187,0.289503,1.58912,-0.064725,-0.080344
171,150.67,-0.303961,1.61,-0.174,-0.227,1.396,0.633147,0.548463,-0.162,0.135702,1.435685,-0.090211,0.457736,0.278346,1.580987,-0.078001,-0.07831
172,150.87,-0.295044,1.61,-0.174,-0.227,1.396,0.620687,0.56263,-0.162,0.128368,1.42941,-0.068892,0.479174,0.289423,1.577762,-0.069157,-0.090165
173,151.29,-0.294699,1.61,-0.174,-0.227,1.396,0.594338,0.561658,-0.162,0.108947,1.427933,-0.069724,0.486723,0.290693,1.574635,-0.064453,-0.105034
174,151.42,-0.289019,1.61,-0.174,-0.227,1.396,0.581878,0.559259,-0.162,0.100781,1.429155,-0.073487,0.480383,0.297438,1.572396,-0.053581,-0.106013
175,151.57,-0.2807,1.61,-0.174,-0.227,1.396,0.583307,0.55728,-0.162,0.100502,1.438034,-0.082034,0.460154,0.305295,1.572626,-0.0387,-0.093104
176,152.25,-0.273928,1.61,-0.174,-0.227,1.396,0.570847,0.551608,-0.162,0.086335,1.444952,-0.082611,0.453814,0.310672,1.57558,-0.031465,-0.066306
177,154.19,-0.261089,1.61,-0.174,-0.227,1.396,0.572276,0.545629,-0.162,0.086057,1.435598,-0.059882,0.461363,0.319846,1.577037,-0.0253,-0.053397
178,155.76,-0.255919,1.61,-0.174,-0.227,1.396,0.587594,0.55748,-0.162,0.099668,1.424474,-0.061613,0.456625,0.329098,1.570547,-0.036406,-0.041478
179,155.8,-0.262117,1.61,-0.174,-0.227,1.396,0.589023,0.547345,-0.162,0.09939,1.429723,-0.066662,0.458914,0.320857,1.579183,-0.044288,-0.043448
180,156.18,-0.266461,1.61,-0.174,-0.227,1.396,0.576564,0.538668,-0.162,0.108649,1.439968,-0.077956,0.447313,0.315581,1.590251,-0.059486,-0.059306
181,156.71,-0.275834,1.61,-0.174,-0.227,1.396,0.577993,0.543203,-0.162,0.131798,1.436087,-0.103139,0.449602,0.307859,1.592374,-0.082214,-0.089054
182,157.31,-0.288817,1.61,-0.174,-0.227,1.396,0.593311,0.54893,-0.162,0.141057,1.428937,-0.114433,0.438001,0.294638,1.588159,-0.082961,-0.104912
183,157.05,-0.288545,1.61,-0.174,-0.227,1.396,0.600922,0.556608,-0.162,0.149931,1.426055,-0.111838,0.423406,0.296385,1.585008,-0.080547,-0.106882
184,156.78,-0.288736,1.61,-0.174,-0.227,1.396,0.594645,0.549739,-0.162,0.144916,1.427092,-0.095354,0.422699,0.295148,1.583559,-0.070203,-0.094962
185,156.23,-0.28715,1.61,-0.174,-0.227,1.396,0.574479,0.547537,-0.162,0.126011,1.43158,-0.064981,0.435881,0.295697,1.588778,-0.067835,-0.096932
186,156.4,-0.270777,1.61,-0.174,-0.227,1.396,0.568201,0.565494,-0.162,0.098837,1.4278,-0.055868,0.435174,0.313892,1.583967,-0.059899,-0.112791
187,156.4,-0.279322,1.61,-0.174,-0.227,1.396,0.575813,0.571381,-0.162,0.085551,1.418346,-0.056086,0.448356,0.308083,1.575015,-0.065037,-0.11476
188,156.47,-0.26698,1.61,-0.174,-0.227,1.396,0.569782,0.566665,-0.162,0.086154,1.423856,-0.055321,0.447649,0.318203,1.574342,-0.04233,-0.102841
189,157.56,-0.255752,1.61,-0.174,-0.227,1.396,0.577639,0.562125,-0.162,0.084593,1.434763,-0.063383,0.433054,0.32872,1.57596,-0.029579,-0.077033
190,158.49,-0.252844,1.61,-0.174,-0.227,1.396,0.571608,0.534747,-0.162,0.075963,1.445016,-0.065889,0.414585,0.328887,1.58439,-0.017417,-0.065113
191,159.0,-0.253381,1.61,-0.174,-0.227,1.396,0.571952,0.533236,-0.162,0.081222,1.441566,-0.054924,0.410006,0.328198,1.593832,-0.034974,-0.040399
192,159.21,-0.246811,1.61,-0.174,-0.227,1.396,0.558407,0.516341,-0.162,0.100369,1.440816,-0.056901,0.419316,0.330391,1.59795,-0.029395,-0.029573
193,159.56,-0.236506,1.61,-0.174,-0.227,1.396,0.54893,0.504507,-0.162,0.133406,1.448322,-0.062667,0.441033,0.337295,1.607703,-0.025515,-0.00987
194,159.75,-0.223861,1.61,-0.174,-0.227,1.396,0.525563,0.482888,-0.162,0.175511,1.459822,-0.082322,0.460869,0.345926,1.61,-0.027693,-0.004057
195,159.64,-0.230349,1.61,-0.174,-0.227,1.396,0.516085,0.472762,-0.162,0.206385,1.468935,-0.114497,0.467495,0.339008,1.61,-0.040055,-0.012132
196,159.57,-0.233827,1.61,-0.174,-0.227,1.396,0.520496,0.473984,-0.162,0.202843,1.467832,-0.15299,0.460232,0.335447,1.61,-0.053337,-0.034096
197,159.37,-0.246587,1.61,-0.174,-0.227,1.396,0.538796,0.47315,-0.162,0.189115,1.468694,-0.174,0.43908,0.323106,1.60847,-0.064021,-0.042171
198,159.7,-0.245807,1.60647,-0.174,-0.227,1.396,0.570985,0.487353,-0.162,0.191218,1.462836,-0.174,0.425885,0.325258,1.596365,-0.066751,-0.064135
199,163.08,-0.258605,1.61,-0.174,-0.227,1.396,0.597528,0.510915,-0.162,0.180151,1.457202,-0.174,0.415945,0.318101,1.571915,-0.07994,-0.07221
200,163.58,-0.248521,1.61,-0.174,-0.227,1.396,0.610182,0.535205,-0.162,0.190515,1.456,-0.163488,0.402227,0.329611,1.561354,-0.093585,-0.094174
201,163.72,-0.252733,1.61,-0.174,-0.227,1.396,0.608947,0.556886,-0.162,0.186301,1.450939,-0.139087,0.402399,0.323294,1.564681,-0.093342,-0.102249
202,163.82,-0.251389,1.61,-0.174,-0.227,1.396,0.593824,0.552869,-0.162,0.168888,1.449628,-0.103417,0.416459,0.32263,1.581898,-0.079209,-0.096436
203,163.87,-0.245275,1.61,-0.174,-0.227,1.396,0.564811,0.547791,-0.162,0.137585,1.448037,-0.068172,0.427548,0.329963,1.601636,-0.051187,-0.076733
204,164.22,-0.233671,1.61,-0.174,-0.227,1.396,0.549687,0.550679,-0.162,0.105935,1.453271,-0.052712,0.424748,0.342101,1.605188,-0.032761,-0.070919
205,164.79,-0.235345,1.61,-0.174,-0.227,1.396,0.548452,0.539307,-0.162,0.079051,1.459855,-0.055111,0.408058,0.340472,1.606547,-0.016344,-0.078994
206,166.02,-0.232062,1.61,-0.174,-0.227,1.396,0.561106,0.542443,-0.162,0.0544,1.46082,-0.054524,0.405258,0.343096,1.607872,-0.016991,-0.07318
207,166.56,-0.234445,1.61,-0.174,-0.227,1.396,0.577058,0.542705,-0.162,0.043637,1.460565,-0.047948,0.416347,0.339633,1.61,-0.025537,-0.053478
208,167.61,-0.231235,1.61,-0.174,-0.227,1.396,0.581395,0.535567,-0.162,0.046764,1.456076,-0.040345,0.437428,0.341752,1.61,-0.032334,-0.019886
209,167.78,-0.234899,1.61,-0.174,-0.227,1.396,0.584214,0.525552,-0.162,0.06378,1.46022,-0.041361,0.444621,0.337023,1.61,-0.037957,-0.000183
210,167.81,-0.234275,1.61,-0.174,-0.227,1.396,0.573143,0.515808,-0.162,0.079418,1.467917,-0.046602,0.437924,0.337206,1.61,-0.048659,0.005631
211,167.73,-0.232948,1.61,-0.174,-0.227,1.396,0.575962,0.512782,-0.162,0.081166,1.473689,-0.057604,0.417339,0.335977,1.61,-0.052251,-0.002445
212,167.93,-0.240838,1.61,-0.174,-0.227,1.396,0.585595,0.518848,-0.162,0.069025,1.468849,-0.054718,0.398572,0.328308,1.61,-0.065365,-0.024409
213,168.69,-0.249964,1.61,-0.174,-0.227,1.396,0.581339,0.514178,-0.162,0.042996,1.460097,-0.05315,0.378075,0.323119,1.61,-0.081787,-0.032484
214,168.58,-0.24999,1.61,-0.174,-0.227,1.396,0.563194,0.503419,-0.162,0.005964,1.462333,-0.038607,0.371467,0.321753,1.61,-0.077184,-0.02667
215,168.38,-0.255396,1.61,-0.174,-0.227,1.396,0.533879,0.49164,-0.162,-0.017179,1.475198,-0.035932,0.372592,0.315807,1.61,-0.080331,-0.034745
216,168.38,-0.248499,1.61,-0.174,-0.227,1.396,0.518454,0.495717,-0.162,-0.026434,1.476846,-0.041683,0.387607,0.322463,1.61,-0.083496,-0.056709
217,168.6,-0.248782,1.61,-0.174,-0.227,1.396,0.516917,0.499676,-0.162,-0.021799,1.473512,-0.045721,0.41651,0.324022,1.61,-0.084738,-0.064784
218,168.67,-0.244907,1.61,-0.174,-0.227,1.396,0.52927,0.500375,-0.162,-0.003275,1.469845,-0.047599,0.431525,0.328787,1.61,-0.072517,-0.063885
219,168.65,-0.239629,1.61,-0.174,-0.227,1.396,0.530165,0.504816,-0.162,0.015449,1.468327,-0.054558,0.432651,0.335177,1.61,-0.062158,-0.061714
220,168.77,-0.238782,1.61,-0.174,-0.227,1.396,0.5372,0.504589,-0.162,0.020284,1.471357,-0.061532,0.419888,0.336092,1.61,-0.052852,-0.045655
221,169.1,-0.243769,1.61,-0.174,-0.227,1.396,0.552254,0.496372,-0.162,0.039008,1.475919,-0.061165,0.401744,0.331259,1.61,-0.060023,-0.031813
222,169.74,-0.240686,1.61,-0.174,-0.227,1.396,0.572653,0.499249,-0.162,0.071621,1.472913,-0.063902,0.397489,0.3337,1.61,-0.064547,-0.004082
223,169.66,-0.236135,1.61,-0.174,-0.227,1.396,0.579164,0.489186,-0.162,0.093787,1.47217,-0.044059,0.407123,0.334807,1.61,-0.056945,0.024466
224,169.54,-0.23323,1.61,-0.174,-0.227,1.396,0.571786,0.470711,-0.162,0.107876,1.482188,-0.038787,0.427591,0.335173,1.61,-0.062231,0.039124
225,169.58,-0.240145,1.61,-0.174,-0.227,1.396,0.550518,0.47478,-0.162,0.108075,1.480374,-0.045587,0.43417,0.329017,1.61,-0.084546,0.039893
226,169.74,-0.250283,1.61,-0.174,-0.227,1.396,0.54314,0.481034,-0.162,0.119119,1.472214,-0.043301,0.447322,0.319909,1.61,-0.096468,0.026774
227,170.09,-0.242788,1.61,-0.174,-0.227,1.396,0.529815,0.487611,-0.162,0.135063,1.467199,-0.047215,0.446585,0.328546,1.61,-0.093094,-0.000235
228,170.37,-0.240082,1.61,-0.174,-0.227,1.396,0.530378,0.496006,-0.162,0.137119,1.466335,-0.060445,0.431959,0.334226,1.61,-0.088389,-0.015576
229,170.59,-0.239432,1.61,-0.174,-0.227,1.396,0.526443,0.496963,-0.162,0.125286,1.466025,-0.064899,0.408606,0.335592,1.61,-0.084663,-0.025449
230,170.79,-0.237098,1.61,-0.174,-0.227,1.396,0.52759,0.494543,-0.162,0.101328,1.463259,-0.057564,0.399143,0.337395,1.61,-0.078036,-0.021434
231,170.74,-0.235929,1.61,-0.174,-0.227,1.396,0.537306,0.497286,-0.162,0.081917,1.460515,-0.054021,0.403568,0.339265,1.61,-0.074871,-0.00353
232,170.72,-0.233585,1.61,-0.174,-0.227,1.396,0.533134,0.492403,-0.162,0.076395,1.466121,-0.054084,0.402513,0.340948,1.61,-0.070077,0.000486
233,170.93,-0.232544,1.61,-0.174,-0.227,1.396,0.515073,0.480491,-0.162,0.056984,1.469933,-0.046757,0.415346,0.340216,1.61,-0.071714,-0.009388
234,170.84,-0.234787,1.61,-0.174,-0.227,1.396,0.5109,0.489492,-0.162,0.051462,1.463006,-0.042483,0.442069,0.338132,1.61,-0.076534,-0.005373
235,171.12,-0.234642,1.61,-0.174,-0.227,1.396,0.520389,0.499733,-0.162,0.059829,1.455605,-0.043199,0.454902,0.341383,1.61,-0.072737,0.008541
236,171.44,-0.234061,1.61,-0.174,-0.227,1.396,0.515989,0.486525,-0.162,0.082085,1.462421,-0.051172,0.453847,0.340878,1.61,-0.071791,0.008567
237,171.63,-0.229461,1.61,-0.174,-0.227,1.396,0.519078,0.471846,-0.162,0.098364,1.476497,-0.063102,0.438902,0.342562,1.61,-0.065443,-0.005297
238,171.99,-0.224788,1.61,-0.174,-0.227,1.396,0.536055,0.481113,-0.162,0.10364,1.471701,-0.062175,0.437847,0.348027,1.61,-0.072007,-0.005272
239,172.52,-0.227315,1.61,-0.174,-0.227,1.396,0.539144,0.483308,-0.162,0.122805,1.475163,-0.069953,0.438841,0.345527,1.61,-0.064507,0.008642
240,172.87,-0.21854,1.61,-0.174,-0.227,1.396,0.556121,0.470114,-0.162,0.151931,1.468419,-0.046365,0.442728,0.35105,1.61,-0.04414,0.036445
241,172.93,-0.219968,1.61,-0.174,-0.227,1.396,0.564865,0.463818,-0.162,0.167168,1.473999,-0.048629,0.447089,0.348312,1.61,-0.044159,0.050359
242,172.72,-0.228248,1.61,-0.174,-0.227,1.396,0.559721,0.466981,-0.162,0.17885,1.471123,-0.047551,0.455903,0.339683,1.61,-0.058005,0.050384
243,172.66,-0.238151,1.61,-0.174,-0.227,1.396,0.540687,0.466856,-0.162,0.188251,1.467237,-0.05069,0.465084,0.330886,1.61,-0.071532,0.036521
244,173.55,-0.230722,1.61,-0.174,-0.227,1.396,0.535542,0.483043,-0.162,0.207505,1.463446,-0.0574,0.460376,0.339931,1.61,-0.068991,0.011947
245,174.05,-0.242689,1.61,-0.174,-0.227,1.396,0.544286,0.503801,-0.162,0.19541,1.454776,-0.058426,0.441779,0.329293,1.61,-0.071759,0.001263
246,174.51,-0.233436,1.61,-0.174,-0.227,1.396,0.539142,0.511777,-0.162,0.206565,1.451558,-0.056968,0.419773,0.341159,1.609788,-0.060607,0.004468
247,174.39,-0.225306,1.61,-0.174,-0.227,1.396,0.520108,0.507886,-0.162,0.213785,1.459771,-0.058439,0.404796,0.347176,1.61,-0.051677,0.001364
248,174.33,-0.222743,1.61,-0.174,-0.227,1.396,0.514963,0.501431,-0.162,0.208326,1.464429,-0.053215,0.403707,0.348072,1.61,-0.049194,0.01215
249,174.49,-0.219518,1.61,-0.174,-0.227,1.396,0.523708,0.504009,-0.162,0.19477,1.463475,-0.054247,0.416508,0.353074,1.61,-0.050555,0.036824
250,175.08,-0.210514,1.61,-0.174,-0.227,1.396,0.525601,0.503249,-0.162,0.187879,1.468623,-0.06263,0.415419,0.362145,1.61,-0.031593,0.04761
251,175.53,-0.209169,1.61,-0.174,-0.227,1.396,0.518259,0.495637,-0.162,0.174537,1.473103,-0.065243,0.400442,0.36289,1.61,-0.032222,0.044507
252,175.99,-0.213504,1.61,-0.174,-0.227,1.396,0.524806,0.494422,-0.162,0.175084,1.47088,-0.052126,0.399353,0.358092,1.61,-0.044459,0.055292
253,177.07,-0.204719,1.61,-0.174,-0.227,1.396,0.535835,0.490825,-0.162,0.188266,1.476333,-0.056952,0.396428,0.365336,1.61,-0.036074,0.052189
254,177.48,-0.212732,1.61,-0.174,-0.227,1.396,0.560753,0.496515,-0.162,0.18756,1.46918,-0.051864,0.407392,0.359891,1.61,-0.053543,0.062974
255,177.61,-0.208908,1.61,-0.174,-0.227,1.396,0.571782,0.488784,-0.162,0.182979,1.474036,-0.050274,0.413048,0.361961,1.61,-0.044554,0.065355
256,177.7,-0.215179,1.61,-0.174,-0.227,1.396,0.568921,0.481395,-0.162,0.177398,1.473043,-0.042414,0.432594,0.35519,1.61,-0.05853,0.054128
257,177.72,-0.218187,1.61,-0.174,-0.227,1.396,0.552172,0.47807,-0.162,0.175562,1.4774,-0.05146,0.438251,0.351568,1.61,-0.063363,0.029012
258,177.73,-0.221646,1.61,-0.174,-0.227,1.396,0.549312,0.480514,-0.162,0.184778,1.475296,-0.055396,0.430018,0.349055,1.61,-0.063961,0.017785
259,177.77,-0.226372,1.61,-0.174,-0.227,1.396,0.548328,0.485312,-0.162,0.188218,1.468321,-0.046749,0.435675,0.343678,1.61,-0.055007,0.020446
260,177.8,-0.224501,1.61,-0.174,-0.227,1.396,0.546483,0.482042,-0.162,0.205546,1.469881,-0.053588,0.427443,0.346409,1.61,-0.047972,0.036997
261,177.82,-0.223244,1.61,-0.174,-0.227,1.396,0.558526,0.483165,-0.162,0.214336,1.466121,-0.042315,0.433099,0.346367,1.61,-0.045566,0.055744
262,177.79,-0.228513,1.61,-0.174,-0.227,1.396,0.556681,0.481455,-0.162,0.208314,1.465279,-0.035086,0.4365,0.339752,1.61,-0.045023,0.060602
263,177.69,-0.232372,1.61,-0.174,-0.227,1.396,0.561989,0.482391,-0.162,0.204541,1.464081,-0.03791,0.431413,0.336484,1.61,-0.053112,0.051571
264,177.76,-0.234109,1.61,-0.174,-0.227,1.396,0.553408,0.481336,-0.162,0.203015,1.461219,-0.037524,0.428938,0.33531,1.61,-0.057527,0.034948
265,178.12,-0.23337,1.61,-0.174,-0.227,1.396,0.556764,0.479209,-0.162,0.203955,1.461338,-0.039914,0.438484,0.336676,1.61,-0.054785,0.032213
266,178.39,-0.231582,1.61,-0.174,-0.227,1.396,0.552922,0.482489,-0.162,0.206077,1.459876,-0.041192,0.43414,0.338799,1.61,-0.052147,0.043367
267,178.45,-0.229121,1.61,-0.174,-0.227,1.396,0.542496,0.47436,-0.162,0.208064,1.465387,-0.043803,0.415908,0.340109,1.61,-0.047278,0.040633
268,178.68,-0.227763,1.61,-0.174,-0.227,1.396,0.545959,0.462163,-0.162,0.208486,1.47275,-0.042501,0.411565,0.339606,1.61,-0.043772,0.024035
269,178.69,-0.226474,1.61,-0.174,-0.227,1.396,0.563311,0.465043,-0.162,0.210075,1.473495,-0.043948,0.421111,0.341274,1.61,-0.045181,0.021327
270,178.88,-0.224698,1.61,-0.174,-0.227,1.396,0.566774,0.469689,-0.162,0.212598,1.470608,-0.043417,0.422197,0.344508,1.61,-0.039649,0.032507
271,179.19,-0.222755,1.61,-0.174,-0.227,1.396,0.556348,0.461499,-0.162,0.214038,1.478166,-0.047061,0.409395,0.34546,1.61,-0.033165,0.029799
272,179.4,-0.219723,1.61,-0.174,-0.227,1.396,0.559811,0.452372,-0.162,0.216392,1.483031,-0.043172,0.410481,0.346658,1.61,-0.030681,0.034597
273,179.57,-0.219865,1.61,-0.174,-0.227,1.396,0.577163,0.454089,-0.162,0.216047,1.481807,-0.038484,0.425457,0.346056,1.61,-0.03282,0.053283
274,179.6,-0.221097,1.61,-0.174,-0.227,1.396,0.580626,0.451096,-0.162,0.214439,1.483826,-0.039756,0.426543,0.344105,1.61,-0.036235,0.058081
275,179.58,-0.221463,1.61,-0.174,-0.227,1.396,0.5702,0.441586,-0.162,0.213354,1.488406,-0.042319,0.413741,0.34247,1.61,-0.040164,0.04899
276,179.73,-0.221557,1.61,-0.174,-0.227,1.396,0.573663,0.435285,-0.162,0.212448,1.494649,-0.042139,0.408729,0.340954,1.61,-0.041459,0.053788
277,179.5,-0.224576,1.61,-0.174,-0.227,1.396,0.591015,0.441677,-0.162,0.20975,1.489692,-0.038494,0.417606,0.338467,1.61,-0.051544,0.059362
278,179.22,-0.22648,1.61,-0.174,-0.227,1.396,0.594478,0.445336,-0.162,0.208287,1.484718,-0.036648,0.423994,0.337899,1.61,-0.053232,0.072894
279,179.01,-0.226924,1.61,-0.174,-0.227,1.396,0.597975,0.447089,-0.162,0.207968,1.483835,-0.037342,0.416604,0.337783,1.61,-0.053929,0.072537
280,178.77,-0.227499,1.61,-0.174,-0.227,1.396,0.602075,0.450823,-0.162,0.207451,1.480349,-0.032881,0.423102,0.337353,1.61,-0.05723,0.075696
281,178.36,-0.228427,1.61,-0.174,-0.227,1.396,0.596426,0.448398,-0.162,0.206176,1.482602,-0.033359,0.415711,0.335925,1.61,-0.058711,0.064966
282,177.82,-0.230837,1.61,-0.174,-0.227,1.396,0.604665,0.448799,-0.162,0.203564,1.482143,-0.030289,0.42221,0.333154,1.61,-0.063168,0.066696
283,177.01,-0.234716,1.61,-0.174,-0.227,1.396,0.613014,0.452294,-0.162,0.199776,1.479748,-0.028075,0.430042,0.329567,1.61,-0.068589,0.059789
284,176.96,-0.230194,1.61,-0.174,-0.227,1.396,0.607473,0.463891,-0.162,0.205004,1.474299,-0.028557,0.423985,0.33524,1.61,-0.063316,0.051355
285,176.45,-0.234607,1.61,-0.174,-0.227,1.396,0.615822,0.473338,-0.162,0.201273,1.468287,-0.028711,0.431817,0.331716,1.61,-0.068818,0.051383
286,176.34,-0.236821,1.61,-0.174,-0.227,1.396,0.610282,0.472075,-0.162,0.199022,1.467004,-0.031079,0.425761,0.330379,1.61,-0.064805,0.062167
287,176.32,-0.239903,1.61,-0.174,-0.227,1.396,0.605949,0.478398,-0.162,0.196058,1.467126,-0.03548,0.433593,0.327775,1.61,-0.070053,0.059063
288,176.22,-0.241037,1.61,-0.174,-0.227,1.396,0.615504,0.485385,-0.162,0.195481,1.461929,-0.036949,0.427536,0.327731,1.61,-0.072631,0.051197
289,176.28,-0.241145,1.61,-0.174,-0.227,1.396,0.611171,0.48627,-0.162,0.195924,1.460792,-0.040495,0.40759,0.328717,1.61,-0.070934,0.052179
290,176.28,-0.237052,1.61,-0.174,-0.227,1.396,0.614887,0.492246,-0.162,0.200501,1.458429,-0.036089,0.401534,0.333202,1.61,-0.066437,0.06705
291,176.28,-0.225359,1.61,-0.174,-0.227,1.396,0.604715,0.491283,-0.162,0.204691,1.469124,-0.036973,0.393846,0.343288,1.61,-0.049783,0.08832
292,176.4,-0.223963,1.61,-0.174,-0.227,1.396,0.580653,0.472633,-0.162,0.211447,1.481455,-0.029889,0.399898,0.342074,1.61,-0.053939,0.0957
293,176.67,-0.224162,1.61,-0.174,-0.227,1.396,0.57048,0.463233,-0.162,0.210972,1.49138,-0.040048,0.392061,0.341266,1.61,-0.060627,0.089191
294,176.8,-0.223275,1.61,-0.174,-0.227,1.396,0.574197,0.462977,-0.162,0.211544,1.486245,-0.028366,0.398113,0.34124,1.61,-0.070854,0.080876
295,176.69,-0.224005,1.61,-0.174,-0.227,1.396,0.573942,0.460683,-0.162,0.210259,1.48517,-0.02153,0.40309,0.33963,1.61,-0.06887,0.080084
296,175.66,-0.22943,1.61,-0.174,-0.227,1.396,0.587576,0.457663,-0.162,0.204273,1.485028,-0.020013,0.40116,0.333533,1.61,-0.071265,0.065404
297,173.83,-0.237699,1.61,-0.174,-0.227,1.396,0.590595,0.455677,-0.162,0.195603,1.483365,-0.017306,0.413119,0.325159,1.61,-0.076268,0.064613
298,172.92,-0.233737,1.61,-0.174,-0.227,1.396,0.607502,0.475457,-0.162,0.201638,1.474568,-0.02812,0.423636,0.332425,1.61,-0.083741,0.072085
299,172.93,-0.240437,1.61,-0.174,-0.227,1.396,0.610521,0.487074,-0.162,0.195367,1.467119,-0.02884,0.420263,0.32718,1.61,-0.081298,0.065669
300,173.31,-0.238329,1.61,-0.174,-0.227,1.396,0.599651,0.476239,-0.162,0.19724,1.471624,-0.032084,0.403002,0.328712,1.61,-0.074899,0.045364
301,173.39,-0.231938,1.61,-0.174,-0.227,1.396,0.602669,0.486043,-0.162,0.20474,1.466775,-0.032209,0.399629,0.33668,1.61,-0.068762,0.038948
302,173.48,-0.229292,1.61,-0.174,-0.227,1.396,0.591799,0.486534,-0.162,0.207594,1.466301,-0.031197,0.410145,0.339335,1.61,-0.061811,0.044462
303,173.41,-0.228872,1.61,-0.174,-0.227,1.396,0.594817,0.492183,-0.162,0.208873,1.466765,-0.040164,0.425543,0.341616,1.61,-0.057675,0.047439
304,173.36,-0.224389,1.61,-0.174,-0.227,1.396,0.601772,0.494754,-0.162,0.213526,1.466897,-0.043282,0.427051,0.346444,1.61,-0.05426,0.036527
305,173.46,-0.217703,1.61,-0.174,-0.227,1.396,0.599031,0.497835,-0.162,0.219046,1.471137,-0.05107,0.41467,0.353323,1.61,-0.048382,0.018977
306,173.86,-0.220974,1.61,-0.174,-0.227,1.396,0.597057,0.499022,-0.162,0.217656,1.477297,-0.063017,0.403341,0.352089,1.61,-0.042268,0.015316
307,174.53,-0.203648,1.61,-0.174,-0.227,1.396,0.595373,0.507816,-0.162,0.235626,1.477267,-0.07172,0.378123,0.370249,1.61,-0.029279,0.019171
308,174.56,-0.213142,1.61,-0.174,-0.227,1.396,0.586163,0.5,-0.162,0.226096,1.483742,-0.078298,0.366794,0.360068,1.61,-0.039785,0.03509
309,174.66,-0.210582,1.61,-0.174,-0.227,1.396,0.590842,0.498482,-0.162,0.22797,1.483804,-0.066668,0.369354,0.361764,1.61,-0.041884,0.044803
310,174.76,-0.212877,1.61,-0.174,-0.227,1.396,0.600913,0.494735,-0.162,0.225375,1.486471,-0.063746,0.384575,0.35886,1.61,-0.045836,0.04681
311,174.74,-0.215188,1.61,-0.174,-0.227,1.396,0.597095,0.487387,-0.162,0.222057,1.484749,-0.053174,0.385908,0.354601,1.61,-0.050656,0.034928
312,174.76,-0.220511,1.61,-0.174,-0.227,1.396,0.590231,0.482315,-0.162,0.216459,1.484119,-0.050915,0.38349,0.348764,1.61,-0.056111,0.025996
313,175.09,-0.222205,1.61,-0.174,-0.227,1.396,0.579854,0.469241,-0.162,0.214039,1.489541,-0.050224,0.381297,0.345664,1.61,-0.054373,0.030952
314,175.26,-0.219968,1.61,-0.174,-0.227,1.396,0.583367,0.465663,-0.162,0.215639,1.495347,-0.052035,0.388811,0.346715,1.61,-0.049413,0.02202
315,175.46,-0.221206,1.61,-0.174,-0.227,1.396,0.588051,0.463739,-0.162,0.214502,1.491644,-0.049744,0.382436,0.345408,1.61,-0.051103,0.006255
316,176.0,-0.220542,1.61,-0.174,-0.227,1.396,0.578846,0.460973,-0.162,0.215182,1.492095,-0.050502,0.372317,0.346528,1.61,-0.048701,0.004379
317,176.64,-0.21875,1.61,-0.174,-0.227,1.396,0.569997,0.45883,-0.162,0.21676,1.494685,-0.050492,0.373775,0.347714,1.61,-0.043334,-0.005324
318,177.15,-0.217387,1.61,-0.174,-0.227,1.396,0.572251,0.456923,-0.162,0.217846,1.495944,-0.048401,0.361344,0.348424,1.61,-0.038474,-0.017337
319,177.2,-0.214813,1.61,-0.174,-0.227,1.396,0.569185,0.451885,-0.162,0.220117,1.499081,-0.046725,0.362803,0.350326,1.61,-0.031746,-0.015461
320,177.16,-0.211261,1.61,-0.174,-0.227,1.396,0.580009,0.449971,-0.162,0.223487,1.499057,-0.041698,0.371125,0.353397,1.61,-0.027815,0.000304
321,177.07,-0.20981,1.61,-0.174,-0.227,1.396,0.587437,0.442923,-0.162,0.224481,1.504732,-0.043937,0.365559,0.354287,1.61,-0.021814,0.00218
322,177.05,-0.209126,1.61,-0.174,-0.227,1.396,0.592458,0.440898,-0.162,0.225048,1.506016,-0.043708,0.354291,0.354249,1.61,-0.021635,-0.009833
323,177.09,-0.207301,1.61,-0.174,-0.227,1.396,0.58359,0.438719,-0.162,0.226792,1.505803,-0.040041,0.356911,0.356052,1.61,-0.014634,-0.007957
324,177.17,-0.2052,1.61,-0.174,-0.227,1.396,0.578196,0.435498,-0.162,0.228753,1.506035,-0.036521,0.358034,0.35807,1.61,-0.00404,0.005483
325,177.32,-0.202449,1.61,-0.174,-0.227,1.396,0.58669,0.42786,-0.162,0.230895,1.512241,-0.03743,0.345268,0.359529,1.61,0.006908,0.005034
326,177.33,-0.203077,1.61,-0.174,-0.227,1.396,0.596046,0.425806,-0.162,0.230248,1.511255,-0.034547,0.34639,0.358295,1.61,-0.000316,-0.009303
327,177.38,-0.20255,1.61,-0.174,-0.227,1.396,0.591513,0.422664,-0.162,0.230616,1.512104,-0.03274,0.361402,0.358581,1.61,0.002734,-0.0249
328,177.42,-0.201244,1.61,-0.174,-0.227,1.396,0.588014,0.420454,-0.162,0.231775,1.513976,-0.033805,0.362525,0.359607,1.61,0.011043,-0.030113
329,177.47,-0.200121,1.61,-0.174,-0.227,1.396,0.594349,0.41689,-0.162,0.232528,1.518506,-0.03628,0.349759,0.360156,1.61,0.023165,-0.043431
330,177.52,-0.200125,1.61,-0.174,-0.227,1.396,0.591622,0.418356,-0.162,0.232646,1.514884,-0.030315,0.350882,0.360285,1.61,0.026659,-0.042861
331,177.61,-0.199039,1.61,-0.174,-0.227,1.396,0.588398,0.412339,-0.162,0.233163,1.518999,-0.029031,0.340929,0.360578,1.61,0.042569,-0.047874
332,177.66,-0.201359,1.61,-0.174,-0.227,1.396,0.596067,0.409178,-0.162,0.230692,1.519768,-0.027574,0.344866,0.357941,1.61,0.04093,-0.038999
333,177.74,-0.200467,1.61,-0.174,-0.227,1.396,0.603159,0.404453,-0.162,0.231079,1.522607,-0.024576,0.33954,0.357897,1.61,0.047519,-0.044013
334,177.7,-0.200432,1.61,-0.174,-0.227,1.396,0.608011,0.405242,-0.162,0.231141,1.521674,-0.022148,0.348104,0.357745,1.61,0.047611,-0.039077
335,177.5,-0.202342,1.61,-0.174,-0.227,1.396,0.608034,0.402067,-0.162,0.228913,1.524359,-0.023462,0.342778,0.355486,1.61,0.046079,-0.048031
336,177.28,-0.204199,1.61,-0.174,-0.227,1.396,0.607915,0.401951,-0.162,0.227049,1.525777,-0.026251,0.351341,0.353412,1.61,0.039099,-0.059501
337,177.2,-0.20515,1.61,-0.174,-0.227,1.396,0.601723,0.405645,-0.162,0.226294,1.523551,-0.026065,0.358637,0.352699,1.61,0.035357,-0.068226
338,177.25,-0.206184,1.61,-0.174,-0.227,1.396,0.592423,0.402036,-0.162,0.225039,1.525791,-0.028455,0.352043,0.351577,1.61,0.040109,-0.08849
339,177.34,-0.205579,1.61,-0.174,-0.227,1.396,0.59683,0.402512,-0.162,0.225808,1.525198,-0.029303,0.349055,0.352323,1.61,0.048584,-0.094866
340,177.26,-0.203859,1.61,-0.174,-0.227,1.396,0.597504,0.396327,-0.162,0.227081,1.529265,-0.029535,0.335037,0.353482,1.61,0.067304,-0.094719
341,177.19,-0.20148,1.61,-0.174,-0.227,1.396,0.601384,0.396319,-0.162,0.229591,1.528535,-0.027757,0.334907,0.355735,1.61,0.082858,-0.080684
342,177.03,-0.201101,1.61,-0.174,-0.227,1.396,0.60255,0.391447,-0.162,0.229521,1.531066,-0.024785,0.333618,0.3555,1.61,0.095632,-0.080537
343,176.82,-0.200385,1.61,-0.174,-0.227,1.396,0.613884,0.390803,-0.162,0.230164,1.530662,-0.021552,0.33586,0.355846,1.61,0.100398,-0.090436
344,176.47,-0.201651,1.61,-0.174,-0.227,1.396,0.614037,0.390312,-0.162,0.228742,1.531386,-0.02074,0.327343,0.354395,1.61,0.101951,-0.101432
345,176.13,-0.203289,1.61,-0.174,-0.227,1.396,0.609791,0.391665,-0.162,0.227142,1.529492,-0.017354,0.332715,0.352686,1.61,0.10011,-0.098539
346,175.68,-0.205373,1.61,-0.174,-0.227,1.396,0.607316,0.387641,-0.162,0.224518,1.532571,-0.015629,0.324199,0.349818,1.61,0.098842,-0.109534
347,175.54,-0.203394,1.61,-0.174,-0.227,1.396,0.607379,0.391477,-0.162,0.226574,1.530023,-0.009771,0.329571,0.351875,1.61,0.106095,-0.112977
348,175.46,-0.202444,1.61,-0.174,-0.227,1.396,0.601621,0.386664,-0.162,0.227253,1.531006,-0.007215,0.321267,0.352447,1.61,0.119302,-0.120599
349,175.41,-0.201288,1.61,-0.174,-0.227,1.396,0.606514,0.386562,-0.162,0.228451,1.529865,-0.004238,0.326851,0.353437,1.61,0.130383,-0.119581
350,175.17,-0.201487,1.61,-0.174,-0.227,1.396,0.608232,0.381259,-0.162,0.227732,1.533884,-0.003847,0.318547,0.352511,1.61,0.142784,-0.132452
351,175.04,-0.20218,1.61,-0.174,-0.227,1.396,0.61369,0.385715,-0.162,0.227011,1.53437,-0.003032,0.324132,0.351544,1.61,0.147634,-0.131434
352,174.95,-0.202526,1.61,-0.174,-0.227,1.396,0.609778,0.387358,-0.162,0.226684,1.532646,-6.1e-05,0.326515,0.351219,1.61,0.151398,-0.138069
353,174.92,-0.201356,1.61,-0.174,-0.227,1.396,0.611109,0.38963,-0.162,0.228181,1.528558,0.003508,0.328665,0.352816,1.61,0.160823,-0.130815
354,174.88,-0.200224,1.61,-0.174,-0.227,1.396,0.612145,0.385948,-0.162,0.228986,1.52904,0.007396,0.316925,0.353532,1.61,0.179011,-0.137451
355,174.89,-0.197766,1.61,-0.174,-0.227,1.396,0.610152,0.385259,-0.162,0.231471,1.529145,0.008738,0.319074,0.35566,1.607582,0.193318,-0.137075
356,174.9,-0.197449,1.61,-0.174,-0.227,1.396,0.611837,0.386497,-0.162,0.231871,1.523587,0.018377,0.310022,0.356045,1.599478,0.207749,-0.145955
357,174.9,-0.196219,1.61,-0.174,-0.227,1.396,0.604182,0.386747,-0.162,0.233133,1.519857,0.026421,0.314858,0.3573,1.591373,0.224987,-0.14343
358,174.88,-0.193955,1.61,-0.174,-0.227,1.396,0.603901,0.383493,-0.162,0.235219,1.520463,0.028779,0.305805,0.359479,1.588742,0.237552,-0.154794
