step,raw_index,raw_thumb,raw_middle,raw_ring,filt_index,filt_thumb,filt_middle,filt_ring,level_index,level_thumb,level_middle,level_ring
0,0.0,3.456,0.0,4.484,0.0,1.037,0.0,1.345,0,0,0,0
1,0.0,3.709,0.0,0.086,0.0,1.838,0.0,0.968,0,0,0,0
2,0.0,0.422,0.0,0.0,0.0,1.414,0.0,0.677,0,0,0,0
3,0.0,0.077,0.0,4.17,0.0,1.013,0.0,1.725,0,0,0,0
4,0.0,0.0,0.0,13.704,0.0,0.709,0.0,5.319,0,0,0,1
5,0.0,0.574,0.0,17.61,0.0,0.668,0.0,9.006,0,0,0,2
6,0.0,1.665,2.645,13.805,0.0,0.967,0.793,10.446,0,0,0,2
7,0.0,0.0,0.287,14.826,0.0,0.677,0.641,11.76,0,0,0,2
8,0.0,0.0,0.0,0.0,0.0,0.474,0.449,8.232,0,0,0,2
9,0.0,0.0,0.0,0.0,0.0,0.332,0.314,5.762,0,0,0,1
10,0.0,0.0,0.0,0.0,0.0,0.232,0.22,4.034,0,0,0,1
11,0.0,0.0,0.0,0.0,0.0,0.163,0.154,2.824,0,0,0,0
12,0.0,0.0,0.0,0.0,0.0,0.114,0.108,1.977,0,0,0,0
13,0.0,0.0,0.0,0.0,0.0,0.08,0.075,1.384,0,0,0,0
14,0.0,0.0,0.0,0.0,0.0,0.056,0.053,0.968,0,0,0,0
15,0.0,0.0,0.0,0.0,0.0,0.039,0.037,0.678,0,0,0,0
16,0.0,0.0,0.0,0.0,0.0,0.027,0.026,0.475,0,0,0,0
17,0.053,0.0,1.059,0.0,0.016,0.019,0.336,0.332,0,0,0,0
18,5.628,7.887,1.387,0.0,1.699,2.379,0.651,0.233,0,0,0,0
19,5.03,4.52,2.388,0.0,2.698,3.022,1.172,0.163,0,0,0,0
20,4.185,5.323,2.135,0.0,3.144,3.712,1.461,0.114,0,0,0,0
21,3.698,6.709,5.985,0.603,3.31,4.611,2.818,0.261,0,1,0,0
22,0.485,5.182,13.633,16.606,2.463,4.782,6.063,5.164,0,1,1,1
23,9.109,3.314,3.354,18.284,4.457,4.342,5.25,9.1,1,1,1,2
24,4.365,2.884,7.926,22.405,4.429,3.904,6.053,13.091,1,0,1,3
25,5.784,2.992,5.142,19.451,4.836,3.631,5.78,14.999,1,0,1,3
26,5.23,1.344,3.314,16.945,4.954,2.945,5.04,15.583,1,0,1,3
27,0.0,0.0,1.553,19.611,3.468,2.061,3.994,16.791,0,0,0,4
28,2.28,1.993,1.749,0.217,3.111,2.041,3.32,11.819,0,0,0,2
29,3.589,4.307,1.852,17.722,3.255,2.721,2.88,13.59,0,0,0,3
30,6.66,13.572,3.136,16.299,4.276,5.976,2.957,14.403,1,1,0,3
31,6.367,10.833,3.928,16.753,4.904,7.433,3.248,15.108,1,1,0,3
32,5.817,13.2,2.363,18.168,5.178,9.163,2.983,16.026,1,2,0,4
33,6.101,8.069,1.314,9.377,5.455,8.835,2.482,14.031,1,2,0,3
34,4.994,5.15,1.299,8.711,5.316,7.729,2.127,12.435,1,1,0,3
35,3.962,3.972,1.417,11.309,4.91,6.602,1.914,12.097,1,1,0,3
36,4.179,4.736,1.983,9.925,4.691,6.042,1.935,11.446,1,1,0,2
37,5.916,3.555,1.907,9.61,5.058,5.296,1.926,10.895,1,1,0,2
38,6.915,0.365,2.409,12.329,5.615,3.817,2.071,11.325,1,0,0,2
39,3.078,1.815,5.553,10.451,4.854,3.216,3.116,11.063,1,0,0,2
40,4.022,1.895,11.284,7.322,4.605,2.82,5.566,9.941,1,0,1,2
41,6.122,1.185,2.523,6.595,5.06,2.33,4.653,8.937,1,0,1,2
42,4.723,4.535,3.012,10.971,4.959,2.991,4.161,9.547,1,0,1,2
43,5.031,5.996,3.018,7.017,4.98,3.893,3.818,8.788,1,0,0,2
44,4.14,4.841,1.964,0.71,4.728,4.177,3.262,6.365,1,1,0,1
45,3.772,3.554,3.192,2.463,4.441,3.99,3.241,5.194,1,0,0,1
46,2.445,5.962,4.261,2.445,3.843,4.582,3.547,4.37,0,1,0,1
47,3.372,4.635,2.695,4.061,3.701,4.598,3.291,4.277,0,1,0,1
48,3.024,3.666,2.377,3.855,3.498,4.318,3.017,4.15,0,1,0,1
49,1.44,3.477,3.835,6.183,2.881,4.066,3.262,4.76,0,1,0,1
50,0.0,1.449,2.297,11.563,2.016,3.281,2.973,6.801,0,0,0,1
51,3.654,0.246,3.848,6.274,2.508,2.37,3.235,6.643,0,0,0,1
52,0.0,0.307,3.396,14.356,1.755,1.751,3.284,8.957,0,0,0,2
53,4.885,1.921,2.784,11.259,2.694,1.802,3.134,9.648,0,0,0,2
54,5.214,6.235,2.608,14.474,3.45,3.132,2.976,11.096,0,0,0,2
55,6.128,1.147,1.045,7.063,4.254,2.537,2.397,9.886,1,0,0,2
56,4.735,12.716,3.708,5.344,4.398,5.59,2.79,8.523,1,1,0,2
57,4.446,10.109,1.901,3.326,4.412,6.946,2.524,6.964,1,1,0,1
58,3.972,5.167,2.101,1.682,4.28,6.412,2.397,5.38,1,1,0,1
59,2.949,5.941,2.202,3.457,3.881,6.271,2.339,4.803,0,1,0,1
60,3.046,6.183,3.665,3.681,3.63,6.244,2.736,4.466,0,1,0,1
61,2.399,2.744,2.548,4.677,3.261,5.194,2.68,4.529,0,1,0,1
62,1.033,3.347,3.632,6.902,2.593,4.64,2.965,5.241,0,1,0,1
63,0.269,2.631,5.279,11.916,1.895,4.037,3.659,7.244,0,1,0,1
64,0.0,3.219,5.718,13.595,1.327,3.792,4.277,9.149,0,0,1,2
65,0.0,0.963,3.217,9.343,0.929,2.943,3.959,9.207,0,0,0,2
66,1.06,3.723,4.346,11.703,0.968,3.177,4.075,9.956,0,0,1,2
67,3.339,4.443,3.437,16.694,1.679,3.557,3.884,11.977,0,0,0,2
68,6.447,0.777,2.787,6.106,3.11,2.723,3.554,10.216,0,0,0,2
69,5.857,5.312,3.064,5.615,3.934,3.499,3.407,8.836,0,0,0,2
70,4.067,6.753,4.653,0.0,3.974,4.475,3.781,6.185,0,1,0,1
71,4.404,6.704,2.619,0.0,4.103,5.144,3.432,4.329,1,1,0,1
72,4.171,7.659,5.187,0.0,4.123,5.898,3.959,3.031,1,1,0,0
73,3.684,4.404,2.327,0.715,3.991,5.45,3.469,2.336,0,1,0,0
74,3.701,4.235,3.639,2.098,3.904,5.085,3.52,2.265,0,1,0,0
75,3.058,5.142,4.812,5.919,3.65,5.102,3.908,3.361,0,1,0,0
76,2.6,3.407,5.876,12.633,3.335,4.594,4.498,6.143,0,1,1,1
77,0.911,4.21,8.923,9.475,2.608,4.479,5.825,7.143,0,1,1,1
78,0.0,3.079,8.763,10.627,1.826,4.059,6.707,8.188,0,1,1,2
79,1.189,0.517,8.154,10.458,1.635,2.996,7.141,8.869,0,0,1,2
80,2.329,0.614,8.31,10.886,1.843,2.282,7.492,9.474,0,0,1,2
81,3.47,1.967,5.898,18.502,2.331,2.187,7.013,12.182,0,0,1,3
82,6.902,0.0,0.776,5.79,3.702,1.531,5.142,10.265,0,0,1,2
83,5.101,2.759,0.616,1.42,4.122,1.899,3.784,7.611,1,0,0,1
84,5.913,5.338,2.229,1.495,4.659,2.931,3.318,5.776,1,0,0,1
85,4.469,5.874,3.06,0.402,4.602,3.814,3.241,4.164,1,0,0,1
86,4.752,8.618,2.28,0.0,4.647,5.255,2.952,2.915,1,1,0,0
87,2.51,7.753,2.843,0.0,4.006,6.004,2.92,2.04,1,1,0,0
88,3.223,3.433,2.527,0.631,3.771,5.233,2.802,1.618,0,1,0,0
89,2.767,5.281,2.795,5.441,3.47,5.247,2.8,2.765,0,1,0,0
90,1.982,2.982,5.199,17.281,3.024,4.568,3.52,7.119,0,1,0,1
91,0.6,2.507,6.146,17.112,2.296,3.95,4.307,10.117,0,0,1,2
92,2.813,1.25,4.857,13.749,2.451,3.14,4.472,11.207,0,0,1,2
93,2.138,2.38,2.236,12.867,2.358,2.912,3.802,11.705,0,0,0,2
94,0.809,0.64,7.107,10.621,1.893,2.23,4.793,11.38,0,0,1,2
95,1.636,1.753,10.85,10.884,1.816,2.087,6.61,11.231,0,0,1,2
96,4.58,1.806,10.338,12.644,2.645,2.003,7.728,11.655,0,0,1,2
97,7.637,5.109,1.349,7.733,4.143,2.935,5.815,10.478,1,0,1,2
98,4.893,6.733,2.074,1.168,4.368,4.074,4.692,7.685,1,1,1,1
99,4.812,3.69,3.517,0.0,4.501,3.959,4.34,5.38,1,0,1,1
100,3.995,4.867,2.944,0.0,4.349,4.231,3.921,3.766,1,1,0,0
101,3.46,5.607,2.816,0.0,4.083,4.644,3.59,2.636,1,1,0,0
102,2.994,3.873,4.121,0.0,3.756,4.412,3.749,1.845,0,1,0,0
103,2.011,3.247,3.576,0.0,3.232,4.063,3.697,1.292,0,1,0,0
104,2.742,5.15,6.074,0.0,3.085,4.389,4.41,0.904,0,1,1,0
105,1.236,0.0,11.227,11.621,2.53,3.072,6.455,4.119,0,0,1,1
106,2.804,0.0,9.905,18.56,2.613,2.151,7.49,8.451,0,0,1,2
107,5.165,2.283,7.587,9.571,3.378,2.19,7.519,8.787,0,0,1,2
108,5.488,1.578,3.853,12.545,4.011,2.006,6.419,9.915,1,0,1,2
109,5.288,2.563,2.826,8.991,4.394,2.174,5.341,9.638,1,0,1,2
110,4.907,4.007,0.394,7.472,4.548,2.723,3.857,8.988,1,0,0,2
111,7.113,4.986,0.924,7.437,5.318,3.402,2.977,8.523,1,0,0,2
112,4.682,6.131,3.152,4.691,5.127,4.221,3.03,7.373,1,1,0,1
113,3.44,3.141,2.115,1.222,4.621,3.897,2.755,5.528,1,0,0,1
114,3.062,2.262,4.26,0.0,4.153,3.406,3.207,3.869,1,0,0,0
115,1.833,3.42,5.967,0.0,3.457,3.411,4.035,2.709,0,0,1,0
116,2.051,5.433,4.908,3.658,3.035,4.017,4.297,2.993,0,1,1,0
117,2.204,2.898,5.138,9.283,2.786,3.682,4.549,4.88,0,0,1,1
118,1.661,3.665,4.0,10.66,2.448,3.677,4.384,6.614,0,0,1,1
119,3.855,4.098,3.297,9.079,2.87,3.803,4.058,7.354,0,0,1,1
120,3.112,4.587,4.738,10.247,2.943,4.038,4.262,8.222,0,1,1,2
121,5.858,4.745,3.516,8.56,3.817,4.25,4.038,8.323,0,1,1,2
122,8.466,2.796,3.285,10.247,5.212,3.814,3.812,8.9,1,0,0,2
123,3.573,4.446,1.765,12.853,4.72,4.004,3.198,10.086,1,1,0,2
124,4.351,2.989,2.953,7.847,4.609,3.699,3.125,9.414,1,0,0,2
125,3.706,2.339,2.197,0.861,4.338,3.291,2.846,6.849,1,0,0,1
126,3.007,2.941,2.02,0.2,3.939,3.186,2.598,4.854,0,0,0,1
127,2.876,3.34,3.366,0.0,3.62,3.232,2.829,3.398,0,0,0,0
128,1.477,6.567,5.743,0.0,2.977,4.233,3.703,2.379,0,1,0,0
129,3.106,5.539,3.094,0.851,3.016,4.625,3.52,1.92,0,1,0,0
130,1.927,3.453,4.057,0.35,2.689,4.273,3.681,1.449,0,1,0,0
131,1.546,1.639,6.673,10.127,2.346,3.483,4.579,4.053,0,0,1,1
132,0.492,2.386,8.585,20.226,1.79,3.154,5.781,8.905,0,0,1,2
133,6.048,0.0,7.494,11.848,3.067,2.208,6.295,9.788,0,0,1,2
134,6.754,1.247,6.201,13.147,4.173,1.919,6.267,10.796,1,0,1,2
135,5.742,0.586,4.705,14.048,4.644,1.519,5.798,11.771,1,0,1,2
136,3.904,1.555,5.21,8.104,4.422,1.53,5.622,10.671,1,0,1,2
137,2.343,1.45,4.282,9.661,3.798,1.506,5.22,10.368,0,0,1,2
138,4.173,1.218,5.272,6.98,3.911,1.42,5.235,9.352,0,0,1,2
139,6.528,0.68,2.143,5.173,4.696,1.198,4.308,8.098,1,0,1,2
140,4.374,0.0,3.456,2.048,4.599,0.838,4.052,6.283,1,0,1,1
141,4.325,1.641,2.697,2.58,4.517,1.079,3.646,5.172,1,0,0,1
142,4.568,0.804,2.993,4.487,4.532,0.996,3.45,4.967,1,0,0,1
143,4.29,0.68,4.754,5.219,4.46,0.902,3.841,5.042,1,0,0,1
144,4.776,1.426,4.723,6.35,4.555,1.059,4.106,5.435,1,0,1,1
145,5.146,1.78,3.016,4.303,4.732,1.275,3.779,5.095,1,0,0,1
146,3.537,2.528,3.853,4.01,4.373,1.651,3.801,4.77,1,0,0,1
147,3.396,3.027,3.387,3.977,4.08,2.064,3.677,4.532,1,0,0,1
148,3.378,1.716,4.645,4.086,3.87,1.96,3.967,4.398,0,0,0,1
149,1.985,3.764,4.128,6.289,3.304,2.501,4.016,4.966,0,0,1,1
150,8.045,2.179,3.69,10.887,4.726,2.404,3.918,6.742,1,0,0,1
151,2.538,1.948,6.345,13.511,4.07,2.267,4.646,8.773,1,0,1,2
152,3.09,1.734,5.095,10.288,3.776,2.107,4.781,9.227,0,0,1,2
153,4.342,6.978,1.629,9.994,3.946,3.568,3.835,9.458,0,0,0,2
154,6.463,2.424,2.358,8.385,4.701,3.225,3.392,9.136,1,0,0,2
155,6.102,3.902,3.093,12.572,5.121,3.428,3.302,10.167,1,0,0,2
156,5.642,2.667,3.511,9.215,5.277,3.2,3.365,9.881,1,0,0,2
157,4.506,1.942,2.028,0.647,5.046,2.823,2.964,7.111,1,0,0,1
158,4.283,3.313,1.981,0.904,4.817,2.97,2.669,5.249,1,0,0,1
159,3.792,3.279,2.736,0.626,4.51,3.063,2.689,3.862,1,0,0,0
160,2.315,4.677,3.582,1.59,3.851,3.547,2.957,3.18,0,0,0,0
161,2.554,2.964,2.438,1.043,3.462,3.372,2.801,2.539,0,0,0,0
162,2.286,2.865,5.392,5.614,3.109,3.22,3.578,3.461,0,0,0,0
163,2.15,5.391,3.88,8.329,2.822,3.871,3.669,4.922,0,0,0,1
164,0.0,2.938,8.256,11.072,1.975,3.591,5.045,6.767,0,0,1,1
165,5.742,1.723,5.596,11.77,3.105,3.031,5.21,8.268,0,0,1,2
166,5.396,4.452,2.796,9.945,3.792,3.457,4.486,8.771,0,0,1,2
167,7.173,3.186,1.41,10.533,4.807,3.376,3.563,9.3,1,0,0,2
168,5.683,2.686,2.743,9.368,5.07,3.169,3.317,9.32,1,0,0,2
169,4.113,2.462,2.601,4.821,4.783,2.957,3.102,7.97,1,0,0,1
170,2.995,1.755,2.284,1.758,4.246,2.596,2.857,6.107,1,0,0,1
171,3.762,2.483,2.384,0.987,4.101,2.562,2.715,4.571,1,0,0,1
172,2.869,3.163,3.204,0.405,3.731,2.742,2.862,3.321,0,0,0,0
173,2.185,1.519,1.652,3.671,3.267,2.376,2.499,3.426,0,0,0,0
174,0.827,5.889,3.876,5.859,2.535,3.43,2.912,4.156,0,0,0,1
175,1.613,1.749,6.686,16.829,2.259,2.926,4.044,7.958,0,0,1,1
176,2.283,5.403,5.353,8.353,2.266,3.669,4.437,8.076,0,0,1,2
177,5.469,2.149,4.127,7.852,3.227,3.213,4.344,8.009,0,0,1,2
178,7.516,2.095,4.331,8.972,4.514,2.877,4.34,8.298,1,0,1,2
179,5.892,0.432,5.216,9.401,4.927,2.144,4.603,8.629,1,0,1,2
180,4.41,0.989,4.745,3.474,4.772,1.797,4.645,7.082,1,0,1,1
181,3.235,0.494,5.95,4.133,4.311,1.406,5.037,6.197,1,0,1,1
182,3.206,2.381,4.34,6.359,3.979,1.699,4.828,6.246,0,0,1,1
183,6.061,4.286,3.075,10.486,4.604,2.475,4.302,7.518,1,0,1,1
184,5.332,0.0,7.213,9.228,4.822,1.732,5.175,8.031,1,0,1,2
185,5.483,0.614,5.956,6.268,5.02,1.397,5.409,7.502,1,0,1,1
186,3.82,2.054,4.413,6.114,4.66,1.594,5.111,7.086,1,0,1,1
187,3.157,2.22,3.46,4.512,4.209,1.782,4.616,6.313,1,0,1,1
188,3.696,2.635,4.403,3.44,4.055,2.038,4.552,5.451,1,0,1,1
189,2.175,4.125,4.039,3.064,3.491,2.664,4.398,4.735,0,0,1,1
190,2.602,4.479,4.459,1.744,3.224,3.209,4.416,3.838,0,0,1,0
191,2.036,5.046,3.342,4.592,2.868,3.76,4.094,4.064,0,0,1,1
192,3.348,2.602,3.815,9.165,3.012,3.412,4.01,5.594,0,0,1,1
193,4.785,0.972,5.605,11.579,3.544,2.68,4.489,7.39,0,0,1,1
194,3.12,1.417,4.596,14.008,3.417,2.301,4.521,9.375,0,0,1,2
195,7.831,0.0,3.147,9.032,4.741,1.611,4.109,9.272,1,0,1,2
196,6.873,2.516,4.912,9.089,5.381,1.883,4.35,9.218,1,0,1,2
197,5.169,1.243,4.587,5.425,5.317,1.691,4.421,8.08,1,0,1,2
198,3.07,5.97,2.33,3.232,4.643,2.975,3.794,6.626,1,0,0,1
199,2.725,3.173,1.91,1.182,4.068,3.034,3.228,4.993,1,0,0,1
200,3.211,1.0,5.507,1.4,3.81,2.424,3.912,3.915,0,0,0,0
201,2.771,2.312,4.606,0.0,3.499,2.39,4.12,2.74,0,0,1,0
202,2.355,6.754,4.796,2.059,3.155,3.699,4.323,2.536,0,0,1,0
203,3.12,8.132,2.195,4.55,3.145,5.029,3.685,3.14,0,1,0,0
204,5.701,7.518,1.347,4.548,3.912,5.776,2.983,3.562,0,1,0,0
205,6.37,3.095,2.627,0.0,4.649,4.971,2.876,2.494,1,1,0,0
206,4.162,4.758,1.618,0.0,4.503,4.908,2.499,1.746,1,1,0,0
207,2.541,4.618,4.048,1.566,3.914,4.821,2.963,1.692,0,1,0,0
208,2.512,3.974,3.951,1.558,3.494,4.567,3.26,1.652,0,1,0,0
209,2.338,2.543,3.733,1.33,3.147,3.96,3.402,1.555,0,0,0,0
210,2.999,3.202,4.65,4.752,3.102,3.732,3.776,2.514,0,0,0,0
211,2.412,1.061,6.753,13.181,2.895,2.931,4.669,5.714,0,0,1,1
212,2.663,3.589,5.757,8.545,2.825,3.128,4.996,6.563,0,0,1,1
213,7.647,3.059,3.857,9.173,4.272,3.107,4.654,7.346,1,0,1,1
214,5.101,4.698,1.875,8.416,4.521,3.585,3.82,7.667,1,0,0,1
215,5.388,5.156,1.951,9.318,4.781,4.056,3.26,8.162,1,1,0,2
216,5.898,3.865,2.875,7.427,5.116,3.999,3.144,7.942,1,0,0,1
217,3.634,1.661,3.461,1.025,4.671,3.297,3.239,5.867,1,0,0,1
218,3.084,2.804,1.279,1.475,4.195,3.149,2.651,4.549,1,0,0,1
219,3.537,3.48,2.203,6.178,3.998,3.249,2.517,5.038,0,0,0,1
220,5.476,4.342,2.99,14.298,4.441,3.577,2.659,7.816,1,0,0,1
221,5.601,2.858,4.408,7.78,4.789,3.361,3.183,7.805,1,0,0,1
222,5.823,3.809,3.585,8.381,5.099,3.495,3.304,7.978,1,0,0,1
223,4.974,2.761,3.599,7.916,5.062,3.275,3.393,7.959,1,0,0,1
224,4.511,3.544,3.97,5.92,4.897,3.356,3.566,7.347,1,0,0,1
225,5.105,3.161,3.627,6.995,4.959,3.297,3.584,7.242,1,0,0,1
226,6.386,2.798,2.821,5.496,5.387,3.148,3.355,6.718,1,0,0,1
227,2.96,2.589,0.844,2.162,4.659,2.98,2.602,5.351,1,0,0,1
228,2.267,3.893,0.801,0.0,3.941,3.254,2.062,3.746,0,0,0,0
229,2.788,4.932,2.69,0.0,3.595,3.757,2.25,2.622,0,0,0,0
230,3.994,5.546,6.405,6.737,3.715,4.294,3.497,3.856,0,1,0,0
231,6.925,7.159,3.24,7.226,4.678,5.153,3.42,4.867,1,1,0,1
232,7.778,1.549,0.632,2.64,5.608,4.072,2.583,4.199,1,1,0,1
233,5.322,1.721,1.943,2.398,5.522,3.367,2.391,3.659,1,0,0,0
234,3.599,3.098,2.681,4.767,4.945,3.286,2.478,3.991,1,0,0,0
235,4.768,5.001,1.706,8.666,4.892,3.801,2.247,5.394,1,0,0,1
236,5.731,4.666,1.568,8.581,5.144,4.06,2.043,6.35,1,1,0,1
237,5.493,2.935,2.931,7.356,5.248,3.723,2.309,6.652,1,0,0,1
238,5.701,3.219,3.184,5.842,5.384,3.572,2.572,6.409,1,0,0,1
239,4.671,2.993,2.748,3.375,5.17,3.398,2.625,5.499,1,0,0,1
240,2.898,3.106,0.771,1.129,4.489,3.31,2.069,4.188,1,0,0,1
241,3.477,2.85,2.509,0.004,4.185,3.172,2.201,2.932,1,0,0,0
242,3.84,5.302,4.164,0.0,4.082,3.811,2.79,2.053,1,0,0,0
243,7.373,7.454,0.934,1.465,5.069,4.904,2.233,1.876,1,1,0,0
244,1.775,5.054,2.652,0.094,4.081,4.949,2.359,1.342,1,1,0,0
245,1.282,4.092,2.857,0.512,3.241,4.692,2.508,1.093,0,1,0,0
246,0.913,3.605,2.755,0.06,2.543,4.366,2.582,0.783,0,1,0,0
247,1.169,5.796,3.276,2.964,2.131,4.795,2.79,1.437,0,1,0,0
248,6.398,4.986,3.641,13.219,3.411,4.852,3.046,4.972,0,1,0,1
249,8.379,1.08,4.931,8.755,4.901,3.72,3.611,6.107,1,0,0,1
250,10.091,0.986,4.425,14.012,6.458,2.9,3.855,8.478,1,0,0,2
251,9.762,2.104,4.962,10.207,7.449,2.661,4.187,8.997,1,0,1,2
252,6.681,1.822,3.658,11.362,7.219,2.409,4.028,9.706,1,0,1,2
253,5.018,2.994,2.511,7.007,6.559,2.585,3.573,8.897,1,0,0,2
254,4.08,3.186,2.952,10.21,5.815,2.765,3.387,9.291,1,0,0,2
255,3.133,2.849,5.149,12.288,5.01,2.79,3.915,10.19,1,0,0,2
256,4.233,2.29,3.557,7.293,4.777,2.64,3.808,9.321,1,0,0,2
257,2.913,1.574,3.715,0.532,4.218,2.32,3.78,6.684,1,0,0,1
258,3.513,1.388,1.333,2.887,4.006,2.041,3.046,5.545,1,0,0,1
259,4.064,3.063,0.193,5.384,4.024,2.348,2.19,5.497,1,0,0,1
260,6.7,2.126,1.319,10.332,4.827,2.281,1.929,6.947,1,0,0,1
261,7.124,1.44,4.417,17.754,5.516,2.029,2.675,10.189,1,0,0,2
262,5.855,3.398,2.041,5.329,5.618,2.44,2.485,8.731,1,0,0,2
263,4.481,3.83,1.631,4.287,5.276,2.857,2.228,7.398,1,0,0,1
264,3.8,4.976,1.431,5.957,4.834,3.492,1.989,6.966,1,0,0,1
265,3.944,4.849,0.806,8.578,4.567,3.899,1.634,7.449,1,0,0,1
266,5.342,3.314,2.467,11.824,4.799,3.724,1.884,8.762,1,0,0,2
267,4.59,3.043,4.388,8.512,4.736,3.52,2.635,8.687,1,0,0,2
268,5.457,2.153,4.357,7.952,4.953,3.11,3.152,8.466,1,0,0,2
269,3.442,1.834,3.065,3.206,4.499,2.727,3.126,6.888,1,0,0,1
270,2.857,3.253,4.547,1.73,4.007,2.885,3.552,5.341,1,0,0,1
271,3.197,2.834,2.925,4.392,3.764,2.869,3.364,5.056,0,0,0,1
272,5.678,1.633,3.57,8.062,4.338,2.499,3.426,5.958,1,0,0,1
273,6.551,3.011,4.462,9.173,5.002,2.652,3.737,6.923,1,0,0,1
274,7.859,1.853,3.771,12.133,5.859,2.413,3.747,8.486,1,0,0,2
275,8.335,3.086,3.316,8.304,6.602,2.615,3.618,8.431,1,0,0,2
276,6.744,2.893,3.606,9.09,6.644,2.698,3.614,8.629,1,0,0,2
277,4.59,0.944,4.587,5.928,6.028,2.172,3.906,7.819,1,0,0,1
278,4.172,2.867,2.685,3.96,5.471,2.38,3.54,6.661,1,0,0,1
279,2.375,4.039,2.928,4.852,4.543,2.878,3.356,6.118,1,0,0,1
280,2.768,2.127,2.686,3.029,4.01,2.653,3.155,5.192,1,0,0,1
281,3.19,3.204,2.549,2.337,3.764,2.818,2.973,4.335,0,0,0,1
282,4.592,2.621,3.456,7.819,4.012,2.759,3.118,5.38,1,0,0,1
283,6.0,2.725,4.027,8.295,4.609,2.749,3.391,6.255,1,0,0,1
284,7.267,2.168,3.981,7.276,5.406,2.575,3.568,6.561,1,0,0,1
285,6.822,3.819,3.552,9.977,5.831,2.948,3.563,7.586,1,0,0,1
286,6.037,2.988,4.579,10.915,5.893,2.96,3.868,8.585,1,0,0,2
287,4.055,3.098,2.647,6.332,5.341,3.001,3.502,7.909,1,0,0,1
288,3.024,2.641,2.286,2.766,4.646,2.893,3.137,6.366,1,0,0,1
289,1.56,5.346,1.165,3.073,3.72,3.629,2.545,5.378,0,0,0,1
290,3.863,3.74,3.513,7.257,3.763,3.662,2.835,5.942,0,0,0,1
291,5.386,3.086,3.78,11.23,4.25,3.489,3.119,7.528,1,0,0,1
292,5.731,4.354,3.015,5.867,4.694,3.749,3.088,7.03,1,0,0,1
293,5.939,5.206,3.346,4.445,5.068,4.186,3.165,6.254,1,1,0,1
294,3.851,3.985,4.362,4.503,4.703,4.126,3.524,5.729,1,1,0,1
295,2.434,2.448,6.451,4.394,4.022,3.622,4.402,5.328,1,0,1,1
296,2.612,4.778,4.086,5.126,3.599,3.969,4.307,5.268,0,0,1,1
297,5.917,2.682,2.799,7.303,4.294,3.583,3.855,5.878,1,0,0,1
298,6.398,5.694,1.75,7.24,4.925,4.216,3.224,6.287,1,1,0,1
299,8.017,3.061,2.042,6.541,5.853,3.87,2.869,6.363,1,0,0,1
300,9.524,4.865,1.115,9.703,6.954,4.168,2.343,7.365,1,1,0,1
301,7.858,2.32,3.11,8.208,7.226,3.614,2.573,7.618,1,0,0,1
302,7.968,2.911,3.499,8.713,7.448,3.403,2.851,7.947,1,0,0,1
303,6.933,2.721,3.677,9.141,7.294,3.198,3.099,8.305,1,0,0,2
304,7.508,1.182,4.532,7.51,7.358,2.593,3.529,8.067,1,0,0,2
305,5.351,1.002,4.253,4.995,6.756,2.116,3.746,7.145,1,0,0,1
306,4.008,1.383,2.951,3.295,5.932,1.896,3.507,5.99,1,0,0,1
307,3.506,4.102,2.787,6.021,5.204,2.558,3.291,6.0,1,0,0,1
308,3.585,4.126,2.869,5.744,4.718,3.028,3.165,5.923,1,0,0,1
309,3.252,3.472,2.831,3.718,4.278,3.162,3.065,5.262,1,0,0,1
310,4.097,1.452,4.402,4.42,4.224,2.649,3.466,5.009,1,0,0,1
311,4.297,2.544,3.662,6.531,4.246,2.617,3.525,5.465,1,0,0,1
312,6.008,4.174,2.537,9.225,4.774,3.084,3.229,6.593,1,0,0,1
313,7.328,3.407,2.942,10.862,5.541,3.181,3.143,7.874,1,0,0,1
314,7.409,2.882,2.993,10.688,6.101,3.091,3.098,8.718,1,0,0,2
315,5.417,2.39,3.097,7.95,5.896,2.881,3.097,8.488,1,0,0,2
316,2.902,3.205,3.045,4.382,4.998,2.978,3.082,7.256,1,0,0,1
317,1.853,3.838,3.559,4.872,4.054,3.236,3.225,6.541,1,0,0,1
318,3.538,3.828,3.924,5.222,3.9,3.414,3.435,6.145,0,0,0,1
319,3.883,3.696,3.964,5.582,3.895,3.498,3.594,5.976,0,0,0,1
320,6.967,1.581,3.717,8.691,4.816,2.923,3.63,6.79,1,0,0,1
321,7.184,2.833,4.063,11.752,5.527,2.896,3.76,8.279,1,0,0,2
322,6.984,2.441,5.296,14.258,5.964,2.759,4.221,10.073,1,0,1,2
323,7.666,2.083,4.511,14.453,6.474,2.557,4.308,11.387,1,0,1,2
324,8.158,2.485,3.591,13.583,6.979,2.535,4.093,12.046,1,0,1,3
325,7.046,2.763,3.34,10.561,6.999,2.603,3.867,11.6,1,0,0,2
326,4.703,2.668,2.878,6.725,6.31,2.623,3.57,10.138,1,0,0,2
327,3.708,2.874,3.971,4.7,5.53,2.698,3.691,8.506,1,0,0,2
328,2.582,2.931,3.511,3.946,4.645,2.768,3.637,7.138,1,0,0,1
329,3.381,3.467,3.803,4.295,4.266,2.978,3.687,6.285,1,0,0,1
330,4.115,4.167,3.261,5.893,4.221,3.335,3.559,6.167,1,0,0,1
331,5.385,3.546,3.213,7.68,4.57,3.398,3.455,6.621,1,0,0,1
332,7.02,2.42,2.998,9.564,5.305,3.105,3.318,7.504,1,0,0,1
333,8.656,3.353,2.697,11.289,6.31,3.179,3.132,8.64,1,0,0,2
334,6.029,2.396,3.716,11.617,6.226,2.944,3.307,9.533,1,0,0,2
335,3.597,3.059,3.343,8.309,5.437,2.979,3.318,9.166,1,0,0,2
336,2.97,3.633,3.128,4.86,4.697,3.175,3.261,7.874,1,0,0,1
337,4.122,2.245,3.191,3.524,4.524,2.896,3.24,6.569,1,0,0,1
338,2.849,4.215,2.341,4.847,4.022,3.292,2.97,6.052,1,0,0,1
339,4.348,3.982,2.072,6.322,4.12,3.499,2.701,6.133,1,0,0,1
340,6.103,4.971,1.939,9.631,4.715,3.94,2.472,7.183,1,0,0,1
341,9.58,3.986,0.0,8.168,6.174,3.954,1.73,7.478,1,0,0,1
342,5.488,6.24,0.0,12.718,5.969,4.64,1.211,9.05,1,1,0,2
343,5.83,6.249,0.0,8.9,5.927,5.122,0.848,9.005,1,1,0,2
344,7.011,1.033,3.499,11.594,6.252,3.896,1.643,9.782,1,0,0,2
345,5.806,1.645,2.643,9.434,6.118,3.221,1.943,9.677,1,0,0,2
346,4.038,2.579,2.024,4.648,5.494,3.028,1.968,8.169,1,0,0,2
347,5.315,2.651,2.368,4.243,5.44,2.915,2.088,6.991,1,0,0,1
348,4.801,3.655,2.7,4.346,5.248,3.137,2.271,6.198,1,0,0,1
349,4.179,3.421,3.595,3.268,4.928,3.222,2.669,5.319,1,0,0,1
350,5.188,4.505,3.289,3.801,5.006,3.607,2.855,4.863,1,0,0,1
351,5.472,3.849,3.841,3.116,5.146,3.68,3.151,4.339,1,0,0,1
352,5.609,4.028,4.146,2.767,5.285,3.784,3.449,3.867,1,0,0,0
353,6.555,4.582,4.944,3.283,5.666,4.024,3.897,3.692,1,1,0,0
354,6.952,4.858,4.786,7.962,6.051,4.274,4.164,4.973,1,1,1,1
355,7.697,4.152,4.485,9.693,6.545,4.237,4.26,6.389,1,1,1,1
356,6.897,3.994,5.309,8.404,6.651,4.165,4.575,6.993,1,1,1,1
357,9.757,3.81,3.789,9.968,7.583,4.058,4.339,7.886,1,1,1,1
358,8.222,3.127,4.6,12.068,7.775,3.779,4.417,9.14,1,0,1,2
