step,level_index_c_dist,level_index_c_prox,level_index_ny_dist,level_index_ny_prox,level_index_py_dist,level_index_py_prox,level_thumb_c_dist,level_thumb_c_prox,level_thumb_ny_dist,level_thumb_ny_prox,level_thumb_py_dist,level_thumb_py_prox,level_middle_c_dist,level_middle_c_prox,level_middle_ny_dist,level_middle_ny_prox,level_middle_py_dist,level_middle_py_prox,level_ring_c_dist,level_ring_c_prox,level_ring_ny_dist,level_ring_ny_prox,level_ring_py_dist,level_ring_py_prox,filt_index_c_dist,filt_index_c_prox,filt_index_ny_dist,filt_index_ny_prox,filt_index_py_dist,filt_index_py_prox,filt_thumb_c_dist,filt_thumb_c_prox,filt_thumb_ny_dist,filt_thumb_ny_prox,filt_thumb_py_dist,filt_thumb_py_prox,filt_middle_c_dist,filt_middle_c_prox,filt_middle_ny_dist,filt_middle_ny_prox,filt_middle_py_dist,filt_middle_py_prox,filt_ring_c_dist,filt_ring_c_prox,filt_ring_ny_dist,filt_ring_ny_prox,filt_ring_py_dist,filt_ring_py_prox,tot_index,tot_thumb,tot_middle,tot_ring
0,0,0,0,0,0,0,0,0,0,0,0,0,0,0,0,0,0,0,0,0,0,0,0,0,0.04,0.0,0.45,0.33,0.33,0.48,0.0,0.0,0.0,0.0,0.0,0.0,0.0,0.0,0.0,0.0,0.0,0.0,0.62,0.09,0.0,0.0,0.07,0.0,5.5,0.0,0.0,2.6
1,0,0,0,0,0,0,0,0,0,0,0,0,0,0,0,0,0,0,0,0,0,0,0,0,0.05,0.0,1.0,0.58,0.82,0.93,0.0,0.0,0.0,0.0,0.0,0.0,0.0,0.0,0.0,0.0,0.0,0.0,0.43,0.06,0.0,0.0,0.05,0.0,7.4,0.0,0.0,0.0
2,0,0,1,0,1,1,0,0,0,0,0,0,0,0,0,0,0,0,0,0,0,0,0,0,0.07,0.0,1.9,0.92,1.73,1.46,0.0,0.0,0.0,0.0,0.0,0.0,0.0,0.0,0.0,0.0,0.0,0.0,0.3,0.05,0.0,0.0,0.03,0.0,12.4,0.0,0.0,0.0
3,0,0,2,1,2,1,0,0,0,0,0,0,0,0,0,0,0,0,0,0,0,0,0,0,0.07,0.0,2.33,1.17,2.22,1.64,0.0,0.0,0.0,0.0,0.0,0.0,0.0,0.0,0.0,0.0,0.0,0.0,0.21,0.03,0.0,0.0,0.02,0.0,10.6,0.0,0.0,0.0
4,0,0,1,0,1,1,0,0,0,0,0,0,0,0,0,0,0,0,0,0,0,0,0,0,0.07,0.0,1.77,0.97,1.68,1.31,0.01,0.0,0.01,0.0,0.0,0.0,0.0,0.29,0.0,0.0,0.0,0.01,0.15,0.02,0.0,0.0,0.02,0.0,2.0,0.1,1.0,0.0
5,0,0,1,0,1,1,0,0,0,0,0,0,0,0,0,0,0,0,0,0,0,0,0,0,0.07,0.0,1.32,0.78,1.23,1.01,0.32,0.01,0.85,0.06,0.0,0.0,0.09,0.79,0.0,0.11,0.0,0.4,0.1,0.02,0.0,0.0,0.01,0.0,1.2,4.1,3.9,0.0
6,0,0,1,0,0,0,0,0,1,0,0,0,0,0,0,0,0,0,0,0,0,0,0,0,0.08,0.01,1.03,0.67,0.9,0.78,0.47,0.01,1.25,0.06,0.0,0.0,0.18,0.89,0.0,0.32,0.0,0.93,0.07,0.01,0.0,0.0,0.01,0.0,1.3,3.1,4.5,0.0
7,0,0,1,0,0,0,0,0,0,0,0,0,0,1,0,0,0,0,0,0,0,0,0,0,0.11,0.04,1.07,0.86,0.79,0.79,0.33,0.01,0.88,0.04,0.0,0.0,0.14,1.45,0.0,0.33,0.0,0.98,0.05,0.01,0.0,0.0,0.01,0.0,4.1,0.0,4.2,0.0
8,0,0,0,0,0,0,0,0,0,0,0,0,0,1,0,0,0,1,0,0,0,0,0,0,0.11,0.05,0.84,0.7,0.61,0.62,0.23,0.15,0.61,0.32,0.0,0.0,0.16,1.34,0.0,0.67,0.0,1.29,0.56,0.02,0.0,0.0,0.83,0.01,1.2,1.5,4.7,4.6
9,0,0,0,0,0,0,0,0,0,0,0,0,0,1,0,1,0,1,0,0,0,0,1,0,0.08,0.04,0.59,0.49,0.43,0.43,0.16,0.11,0.43,0.22,0.0,0.0,0.11,1.09,0.0,1.08,0.0,1.34,0.87,0.02,0.0,0.0,1.35,0.01,0.0,0.0,4.0,4.2
10,0,0,0,0,0,0,0,0,0,0,0,0,0,1,0,1,0,1,1,0,0,0,2,0,0.11,0.11,0.5,0.41,0.39,0.37,0.11,0.07,0.3,0.16,0.0,0.0,0.08,1.15,0.0,1.33,0.0,1.46,1.81,0.03,0.0,0.0,2.93,0.04,1.5,0.0,4.9,10.8
11,0,0,0,0,0,0,0,0,0,0,0,0,0,1,0,2,0,1,2,0,0,0,3,0,0.18,0.26,0.39,0.3,0.45,0.36,0.08,0.05,0.21,0.11,0.0,0.0,0.05,1.34,0.0,2.25,0.0,1.02,2.3,0.02,0.0,0.0,5.18,0.06,2.1,0.0,6.2,14.0
12,0,0,0,0,0,0,0,0,0,0,0,0,0,1,0,2,0,0,1,0,0,0,5,0,0.36,0.51,0.27,0.21,0.59,0.39,0.05,0.04,0.15,0.08,0.0,0.0,0.04,1.64,0.0,2.28,0.0,0.71,1.61,0.02,0.0,0.0,8.02,0.29,3.2,0.0,4.7,15.5
13,0,0,0,0,0,0,0,0,0,0,0,0,0,1,0,1,0,0,1,0,0,0,4,3,0.74,0.93,0.19,0.15,0.87,0.49,0.04,0.03,0.1,0.06,0.0,0.0,0.03,1.36,0.0,1.76,0.0,0.5,1.13,0.04,0.0,0.0,5.62,3.84,5.7,0.0,1.2,12.2
14,0,1,0,0,1,0,0,0,0,0,0,0,0,1,0,1,0,0,0,0,0,1,3,3,0.98,1.14,0.13,0.1,1.04,0.53,0.03,0.02,0.07,0.06,0.0,0.0,0.02,1.27,0.0,1.42,0.0,0.35,0.79,0.13,0.0,1.79,3.93,3.5,5.3,0.0,1.7,9.1
15,1,1,0,0,1,0,0,0,0,0,0,0,0,1,0,1,0,0,0,0,0,2,2,2,1.13,1.29,0.09,0.07,1.18,0.59,0.02,0.01,0.05,0.04,0.0,0.0,0.01,1.75,0.0,1.54,0.0,0.24,0.55,0.19,0.0,3.09,2.75,3.4,5.3,0.0,4.7,9.6
16,1,1,0,0,1,0,0,0,0,0,0,0,0,2,0,1,0,0,0,0,0,2,1,2,1.03,1.23,0.07,0.05,1.11,0.57,0.01,0.01,0.04,0.03,0.0,0.0,0.01,2.46,0.0,1.77,0.0,0.17,0.39,0.13,0.0,2.16,1.93,2.38,3.4,0.0,6.4,0.0
17,0,1,0,0,1,0,0,0,0,0,0,0,0,2,0,1,0,0,0,0,0,1,1,1,0.96,1.17,0.05,0.04,1.05,0.6,0.01,0.01,0.02,0.02,0.0,0.0,0.01,3.12,0.0,1.64,0.0,0.12,0.27,0.09,0.0,1.51,1.35,1.67,3.4,0.0,6.0,0.0
18,0,1,0,0,1,0,0,0,0,0,0,0,0,3,0,1,0,0,0,0,0,1,0,1,0.85,1.01,0.03,0.02,1.06,0.73,0.01,0.0,0.02,0.01,0.0,0.0,0.0,3.62,0.0,1.23,0.0,0.08,0.19,0.06,0.0,1.06,0.94,1.17,3.4,0.0,5.0,0.0
19,0,0,0,0,1,0,0,0,0,0,0,0,0,3,0,0,0,0,0,0,0,0,0,0,0.7,0.78,0.02,0.06,1.03,0.82,0.0,0.0,0.01,0.01,0.0,0.0,0.0,4.22,0.0,0.86,0.0,0.06,0.13,0.04,0.0,0.74,0.66,0.82,2.8,0.0,5.6,0.0
20,0,0,0,0,0,0,0,0,0,0,0,0,0,3,0,0,0,0,0,0,0,0,0,0,0.55,0.56,0.06,0.16,0.96,0.81,0.0,0.0,0.01,0.01,0.0,0.0,0.0,3.68,0.0,0.6,0.0,0.04,0.09,0.03,0.0,0.52,0.46,0.57,2.4,0.0,5.7,0.0
21,0,0,0,0,1,0,0,0,0,0,0,0,0,2,0,0,0,0,0,0,0,0,0,0,0.46,0.4,0.11,0.42,1.08,0.85,0.0,0.0,0.01,0.0,0.0,0.0,0.0,2.58,0.0,0.42,0.0,0.03,0.06,0.02,0.0,0.36,0.32,0.4,3.8,0.0,5.2,0.0
22,0,0,0,1,1,0,0,0,0,0,0,0,0,1,0,0,0,0,0,0,0,0,0,0,0.47,0.29,0.08,1.08,1.63,0.97,0.0,0.0,0.0,0.0,0.0,0.0,0.0,1.81,0.0,0.3,0.0,0.02,0.05,0.02,0.0,0.25,0.23,0.28,7.3,0.0,3.6,0.0
23,0,0,0,0,3,1,0,0,0,0,0,0,0,1,0,0,0,0,0,0,0,0,0,0,0.77,0.21,0.05,0.76,3.98,1.42,0.0,0.0,0.0,0.0,0.0,0.0,0.0,1.27,0.0,0.21,0.0,0.01,0.03,0.01,0.0,0.18,0.16,0.2,13.4,0.0,4.2,0.0
24,1,0,0,0,4,2,0,0,0,0,0,0,0,0,0,0,0,0,0,0,0,0,0,0,1.36,0.16,0.04,0.53,7.34,2.08,0.0,0.0,0.0,0.0,0.0,0.0,0.0,0.89,0.0,0.15,0.0,0.01,0.02,0.01,0.0,0.12,0.11,0.14,21.6,0.0,5.4,0.0
25,1,0,0,0,5,2,0,0,0,0,0,0,0,1,0,0,0,0,0,0,0,0,0,0,1.85,0.13,0.03,0.37,9.58,2.68,0.0,0.0,0.0,0.0,0.0,0.0,0.0,1.87,0.0,0.1,0.0,0.01,0.02,0.01,0.0,0.09,0.08,0.1,21.9,0.0,4.2,0.0
26,1,0,0,0,5,2,0,0,0,0,0,0,0,2,0,0,0,0,0,0,0,0,0,0,1.89,0.13,0.02,0.26,8.9,2.81,0.0,0.0,0.0,0.0,0.0,0.0,0.0,2.89,0.0,0.07,0.0,0.0,0.01,0.0,0.0,0.06,0.05,0.07,12.5,0.0,5.3,0.0
27,1,0,0,0,4,2,0,0,0,0,0,0,0,2,0,0,0,0,0,0,0,0,0,0,1.45,0.11,0.01,0.18,6.69,2.25,0.0,0.0,0.0,0.0,0.0,0.0,0.0,3.24,0.0,0.48,0.0,0.05,0.01,0.0,0.0,0.04,0.04,0.05,3.0,0.0,5.6,0.0
28,1,0,0,0,4,2,0,0,0,0,0,0,0,3,0,0,0,0,0,0,0,0,0,0,1.38,0.17,0.01,0.13,5.94,2.63,0.0,0.0,0.0,0.0,0.0,0.0,0.0,4.52,0.0,0.48,0.0,0.04,0.01,0.0,0.0,0.03,0.03,0.03,9.2,0.0,8.0,0.0
29,0,0,0,0,3,1,0,0,0,0,0,0,0,3,0,0,0,0,0,0,0,0,0,0,0.99,0.13,0.01,0.09,4.24,1.93,0.0,0.0,0.0,0.0,0.0,0.0,0.0,5.17,0.0,0.71,0.0,0.03,0.0,0.0,0.0,0.02,0.02,0.02,0.7,0.0,7.9,0.0
30,0,0,0,0,2,1,0,0,0,0,0,0,0,3,0,1,0,0,0,0,0,0,0,0,0.7,0.09,0.0,0.06,2.97,1.35,0.0,0.0,0.0,0.0,0.0,0.0,0.0,4.79,0.0,1.17,0.0,0.02,0.03,0.0,0.0,0.01,0.11,0.02,0.0,0.0,6.2,0.4
31,0,0,0,0,2,1,0,0,0,0,0,0,0,3,0,1,0,0,0,0,0,0,0,0,0.63,0.16,0.0,0.04,2.37,1.24,0.0,0.0,0.0,0.0,0.0,0.0,0.0,3.94,0.0,1.19,0.0,0.01,0.28,0.0,0.0,0.01,0.86,0.16,2.8,0.0,3.2,4.0
32,0,0,0,0,2,1,0,0,0,0,0,0,0,2,0,1,0,0,0,0,0,0,0,0,0.8,0.32,0.0,0.03,2.42,1.61,0.0,0.0,0.0,0.0,0.0,0.0,0.0,3.5,0.0,1.3,0.0,0.01,0.2,0.0,0.0,0.01,0.6,0.11,6.9,0.0,4.0,0.0
33,1,0,0,0,2,2,0,0,0,0,0,0,0,2,0,1,0,0,0,0,0,0,0,0,1.14,0.49,0.0,0.02,2.83,2.12,0.0,0.0,0.0,0.0,0.0,0.0,0.0,3.24,0.0,1.44,0.0,0.01,0.16,0.0,0.01,0.01,0.49,0.09,9.9,0.0,4.4,0.4
34,1,0,0,0,2,2,0,0,0,0,0,0,0,2,0,1,0,0,0,0,0,0,0,0,1.24,0.52,0.0,0.01,2.74,2.08,0.0,0.0,0.0,0.0,0.0,0.0,0.0,2.86,0.0,1.47,0.0,0.0,0.24,0.0,0.12,0.0,0.96,0.16,6.6,0.0,3.5,3.2
35,1,0,0,0,2,2,0,0,0,0,0,0,0,2,0,1,0,0,0,0,0,0,1,0,1.58,0.64,0.0,0.01,3.11,2.33,0.0,0.0,0.0,0.0,0.0,0.0,0.0,2.51,0.0,1.45,0.0,0.0,0.38,0.0,0.08,0.0,1.59,0.29,10.2,0.0,3.1,4.3
36,1,0,0,0,2,2,0,0,0,0,0,0,0,2,0,1,0,0,0,0,0,0,1,0,1.78,0.72,0.0,0.01,3.24,2.44,0.0,0.0,0.0,0.0,0.0,0.0,0.0,2.26,0.0,1.37,0.0,0.0,0.38,0.0,0.06,0.51,1.59,0.3,9.4,0.0,2.8,4.0
37,1,0,0,0,2,2,0,0,0,0,0,0,0,2,0,1,0,0,0,0,0,0,1,0,1.93,0.77,0.0,0.01,3.39,2.52,0.0,0.0,0.0,0.0,0.0,0.0,0.0,2.21,0.0,1.37,0.0,0.0,0.36,0.0,0.04,0.73,1.46,0.28,9.6,0.0,3.5,2.9
38,1,0,0,0,2,2,0,0,0,0,0,0,0,2,0,1,0,0,0,0,0,0,1,0,1.75,0.69,0.0,0.0,3.09,2.27,0.0,0.0,0.0,0.0,0.0,0.0,0.0,2.34,0.0,1.45,0.0,0.0,0.3,0.0,0.03,0.71,1.2,0.24,5.9,0.0,4.3,1.6
39,1,0,0,0,2,2,0,0,0,0,0,0,0,2,0,1,0,0,0,0,0,0,0,0,1.56,0.59,0.0,0.0,2.75,2.02,0.0,0.0,0.0,0.0,0.0,0.0,0.0,2.5,0.0,1.54,0.0,0.0,0.24,0.0,0.04,0.59,0.92,0.19,4.9,0.0,4.6,0.8
40,1,0,0,0,2,2,0,0,0,0,0,0,0,2,0,1,0,0,0,0,0,0,0,0,1.43,0.5,0.0,0.0,2.92,2.03,0.0,0.0,0.0,0.0,0.0,0.0,0.0,2.52,0.0,1.53,0.0,0.0,0.23,0.0,0.11,0.76,0.98,0.2,6.8,0.0,4.1,3.0
41,1,0,0,0,2,2,0,0,0,0,0,0,0,2,0,1,0,0,0,0,0,1,1,0,1.3,0.43,0.0,0.0,3.06,2.07,0.0,0.0,0.0,0.0,0.0,0.0,0.0,2.26,0.0,1.37,0.0,0.0,0.26,0.0,0.29,1.19,1.35,0.25,6.8,0.0,2.7,5.9
42,1,0,0,0,2,2,0,0,0,0,0,0,0,2,0,1,0,0,0,0,0,1,1,0,1.24,0.37,0.0,0.0,3.15,2.07,0.0,0.0,0.0,0.0,0.0,0.0,0.0,2.17,0.0,1.3,0.0,0.0,0.22,0.0,0.25,1.04,1.15,0.21,6.8,0.0,3.1,1.8
43,1,0,0,0,3,2,0,0,0,0,0,0,0,2,0,1,0,0,0,0,0,0,0,0,1.25,0.32,0.0,0.0,3.71,2.16,0.0,0.0,0.0,0.0,0.0,0.0,0.0,2.28,0.0,1.19,0.0,0.0,0.16,0.0,0.18,0.73,0.81,0.15,8.9,0.0,3.5,0.0
44,1,0,0,0,3,2,0,0,0,0,0,0,0,2,0,0,0,0,0,0,0,0,0,0,1.2,0.26,0.0,0.0,4.01,2.1,0.0,0.0,0.0,0.0,0.0,0.0,0.0,2.57,0.0,0.99,0.0,0.0,0.11,0.0,0.12,0.51,0.56,0.1,7.9,0.0,3.8,0.0
45,1,0,0,0,3,2,0,0,0,0,0,0,0,2,0,0,0,0,0,0,0,0,0,0,1.14,0.21,0.0,0.0,4.29,2.06,0.0,0.0,0.0,0.0,0.0,0.0,0.0,2.82,0.0,0.84,0.0,0.0,0.08,0.0,0.09,0.36,0.39,0.07,8.0,0.0,3.9,0.0
46,0,0,0,0,3,1,0,0,0,0,0,0,0,2,0,1,0,0,0,0,0,0,0,0,0.99,0.16,0.0,0.0,3.95,1.93,0.0,0.0,0.0,0.0,0.0,0.0,0.0,2.83,0.0,1.06,0.0,0.0,0.08,0.0,0.06,0.25,0.51,0.09,5.5,0.0,4.4,1.0
47,0,0,0,0,3,2,0,0,0,0,0,0,0,2,0,1,0,0,0,0,0,0,1,0,0.9,0.14,0.0,0.0,4.02,2.01,0.0,0.0,0.0,0.0,0.0,0.0,0.0,2.61,0.0,1.15,0.0,0.0,0.16,0.0,0.41,0.18,1.41,0.26,7.2,0.0,3.5,5.7
48,0,0,0,0,3,2,0,0,0,0,0,0,0,2,0,1,0,0,0,0,0,0,1,0,0.84,0.11,0.0,0.0,4.48,2.14,0.0,0.0,0.0,0.0,0.0,0.0,0.0,2.49,0.0,1.22,0.0,0.0,0.13,0.0,0.35,0.3,1.16,0.22,8.7,0.0,3.6,1.6
49,0,0,0,0,3,2,0,0,0,0,0,0,0,1,0,0,0,0,0,0,0,0,0,0,0.76,0.09,0.0,0.0,4.6,2.07,0.0,0.0,0.0,0.08,0.0,0.0,0.0,1.9,0.0,0.96,0.0,0.0,0.11,0.0,0.31,0.39,1.0,0.19,7.5,0.3,0.9,1.6
50,0,0,0,0,3,2,0,0,0,0,0,0,0,1,0,0,0,0,0,0,0,0,1,0,0.75,0.08,0.0,0.0,4.77,2.01,0.0,0.0,0.0,0.12,0.0,0.0,0.0,1.51,0.0,0.83,0.0,0.0,0.14,0.0,0.4,0.27,1.26,0.25,7.8,0.2,1.1,3.1
51,0,0,0,0,3,1,0,0,0,0,0,0,0,1,0,0,0,0,0,0,0,0,0,0,0.8,0.08,0.0,0.0,5.33,1.96,0.0,0.0,0.0,0.09,0.0,0.0,0.0,1.22,0.0,0.68,0.0,0.0,0.1,0.0,0.28,0.19,0.88,0.18,9.5,0.0,0.9,0.0
52,0,0,0,0,4,1,0,0,0,0,0,0,0,1,0,0,0,0,0,0,0,0,0,0,0.97,0.08,0.0,0.0,6.4,1.95,0.0,0.0,0.0,0.07,0.0,0.0,0.0,1.04,0.0,0.56,0.0,0.0,0.07,0.0,0.19,0.13,0.62,0.12,12.3,0.0,0.9,0.0
53,1,0,0,0,4,1,0,0,0,0,0,0,0,0,0,0,0,0,0,0,0,0,0,0,1.04,0.08,0.0,0.0,6.93,1.84,0.0,0.0,0.0,0.05,0.0,0.0,0.0,0.93,0.0,0.46,0.0,0.0,0.05,0.0,0.14,0.09,0.43,0.09,11.1,0.0,0.9,0.0
54,1,0,0,0,4,1,0,0,0,0,0,0,0,0,0,0,0,0,0,0,0,0,0,0,1.11,0.09,0.0,0.0,7.15,1.79,0.0,0.0,0.0,0.05,0.0,0.0,0.0,0.88,0.0,0.38,0.0,0.0,0.03,0.0,0.1,0.07,0.3,0.06,10.7,0.0,0.9,0.0
55,1,0,0,0,4,1,0,0,0,0,0,0,0,0,0,0,0,0,0,0,0,0,0,0,1.11,0.11,0.0,0.0,6.91,1.8,0.0,0.0,0.0,0.04,0.0,0.0,0.0,0.85,0.0,0.3,0.0,0.0,0.02,0.0,0.07,0.05,0.21,0.04,9.5,0.0,0.9,0.0
56,1,0,0,0,4,2,0,0,0,0,0,0,0,0,0,0,0,0,0,0,0,0,0,0,1.19,0.16,0.0,0.0,6.98,2.01,0.0,0.0,0.0,0.03,0.0,0.0,0.0,0.85,0.0,0.24,0.0,0.0,0.02,0.0,0.05,0.03,0.15,0.03,11.3,0.0,0.9,0.0
57,1,0,0,0,4,2,0,0,0,0,0,0,0,0,0,0,0,0,0,0,0,0,0,0,1.37,0.25,0.0,0.0,6.47,2.23,0.0,0.0,0.0,0.03,0.0,0.0,0.0,0.85,0.0,0.19,0.0,0.0,0.01,0.0,0.03,0.02,0.1,0.02,10.2,0.0,0.9,0.0
58,1,0,0,0,4,2,0,0,0,0,0,0,0,0,0,0,0,0,0,0,0,0,0,0,1.24,0.23,0.0,0.0,5.78,2.14,0.0,0.0,0.0,0.03,0.0,0.0,0.0,0.88,0.0,0.16,0.0,0.0,0.01,0.0,0.02,0.02,0.07,0.01,7.2,0.0,1.0,0.0
59,1,0,0,0,3,2,0,0,0,0,0,0,0,0,0,0,0,0,0,0,0,0,0,0,1.11,0.21,0.0,0.0,5.14,2.04,0.0,0.0,0.0,0.02,0.0,0.0,0.0,0.9,0.0,0.12,0.0,0.0,0.01,0.0,0.02,0.01,0.05,0.01,6.4,0.0,1.0,0.0
60,0,0,0,0,3,1,0,0,0,0,0,0,0,0,0,0,0,0,0,0,0,0,0,0,0.97,0.18,0.0,0.0,4.55,1.96,0.0,0.0,0.0,0.01,0.0,0.0,0.0,0.88,0.0,0.1,0.0,0.0,0.0,0.0,0.01,0.01,0.04,0.01,5.7,0.0,0.9,0.0
61,0,0,0,0,3,1,0,0,0,0,0,0,0,0,0,0,0,0,0,0,0,0,0,0,0.73,0.13,0.32,0.64,3.88,1.64,0.0,0.0,0.0,0.01,0.0,0.0,0.0,0.89,0.0,0.07,0.0,0.0,0.0,0.0,0.01,0.01,0.03,0.01,6.5,0.0,0.9,0.0
62,0,0,0,0,2,1,0,0,0,0,0,0,0,0,0,0,0,0,0,0,0,0,0,0,0.55,0.09,0.35,0.75,3.04,1.27,0.0,0.0,0.0,0.01,0.0,0.0,0.0,0.84,0.0,0.1,0.0,0.0,0.0,0.0,0.01,0.0,0.02,0.01,3.0,0.0,0.9,0.0
63,0,0,0,0,2,0,0,0,0,0,0,0,0,0,0,0,0,0,0,0,0,0,0,0,0.42,0.06,0.42,0.95,2.54,0.98,0.0,0.0,0.0,0.01,0.0,0.0,0.0,0.85,0.0,0.07,0.0,0.0,0.0,0.01,0.0,0.0,0.01,0.01,3.8,0.0,0.9,0.0
64,0,0,0,0,2,0,0,0,0,0,0,0,0,0,0,0,0,0,0,0,0,0,0,0,0.36,0.05,0.65,0.67,2.62,0.81,0.0,0.0,0.0,0.0,0.0,0.0,0.0,0.87,0.0,0.05,0.0,0.0,0.0,0.01,0.0,0.0,0.01,0.0,4.6,0.0,0.9,0.0
65,0,0,0,0,2,0,0,0,0,0,0,0,0,0,0,0,0,0,0,0,0,0,0,0,0.34,0.03,0.45,0.47,2.75,0.69,0.0,0.0,0.0,0.0,0.0,0.0,0.0,0.88,0.0,0.03,0.0,0.0,0.0,0.01,0.0,0.0,0.01,0.0,3.8,0.0,0.9,0.0
66,0,0,0,0,2,0,0,0,0,0,0,0,0,0,0,0,0,0,0,0,0,0,0,0,0.27,0.02,0.42,0.33,2.23,0.54,0.0,0.0,0.0,0.0,0.0,0.0,0.0,0.99,0.0,0.06,0.0,0.0,0.0,0.0,0.0,0.0,0.0,0.0,1.6,0.0,1.4,0.0
67,0,0,0,0,2,0,0,0,0,0,0,0,0,2,0,0,0,0,0,0,0,0,0,0,0.24,0.02,0.49,0.23,2.1,0.5,0.0,0.0,0.0,0.0,0.0,0.0,0.0,2.93,0.0,0.04,0.0,0.0,0.0,0.0,0.0,0.0,0.0,0.0,3.0,0.0,7.5,0.0
68,0,0,0,0,2,0,0,0,0,0,0,0,0,3,0,0,0,0,0,0,0,0,0,0,0.24,0.02,0.75,0.16,2.41,0.59,0.0,0.0,0.0,0.0,0.0,0.0,0.0,4.07,0.0,0.03,0.0,0.01,0.0,0.0,0.0,0.0,0.0,0.0,5.5,0.0,6.8,0.0
69,0,0,0,0,2,0,0,0,0,0,0,0,0,3,0,0,0,0,0,0,0,0,0,0,0.24,0.02,0.89,0.11,2.53,0.72,0.0,0.0,0.0,0.0,0.0,0.0,0.0,5.07,0.0,0.03,0.0,0.01,0.0,0.0,0.0,0.0,0.0,0.0,5.3,0.0,7.4,0.0
70,0,0,0,0,2,0,0,0,0,0,0,0,0,3,0,0,0,0,0,0,0,0,0,0,0.23,0.02,0.96,0.69,2.49,0.88,0.0,0.0,0.0,0.0,0.0,0.0,0.0,5.3,0.0,0.02,0.0,0.02,0.0,0.0,0.0,0.0,0.0,0.0,7.0,0.0,5.9,0.0
71,0,0,1,1,2,1,0,0,0,0,0,0,0,3,0,0,0,0,0,0,0,0,0,0,0.21,0.02,1.19,1.27,2.6,1.05,0.0,0.0,0.0,0.0,0.0,0.0,0.0,5.02,0.0,0.02,0.0,0.01,0.0,0.0,0.0,0.0,0.0,0.0,8.9,0.0,4.4,0.0
72,0,0,1,1,2,1,0,0,0,0,0,0,0,3,0,0,0,0,0,0,0,0,0,0,0.18,0.02,1.44,1.64,2.57,1.13,0.0,0.0,0.0,0.0,0.0,0.0,0.0,4.33,0.0,0.05,0.0,0.02,0.0,0.0,0.0,0.0,0.0,0.0,8.4,0.0,2.9,0.0
73,0,0,1,1,2,1,0,0,0,0,0,0,0,3,0,0,0,0,0,0,0,0,0,0,0.15,0.01,1.57,1.82,2.47,1.18,0.0,0.0,0.0,0.0,0.0,0.0,0.0,3.54,0.0,0.07,0.0,0.02,0.0,0.0,0.0,0.0,0.0,0.0,7.8,0.0,1.9,0.0
74,0,0,1,1,2,1,0,0,0,0,0,0,0,2,0,0,0,0,0,0,0,0,0,0,0.14,0.01,1.52,1.81,2.26,1.17,0.0,0.0,0.0,0.0,0.0,0.0,0.0,3.02,0.0,0.11,0.0,0.06,0.0,0.0,0.0,0.0,0.0,0.0,6.2,0.0,2.2,0.0
75,0,0,1,1,2,1,0,0,0,0,0,0,0,2,0,0,0,0,0,0,0,0,0,0,0.13,0.01,1.42,1.74,2.07,1.16,0.0,0.0,0.0,0.0,0.0,0.0,0.0,3.14,0.0,0.21,0.0,0.14,0.0,0.0,0.0,0.0,0.0,0.0,5.6,0.0,4.2,0.0
76,0,0,1,1,1,1,0,0,0,0,0,0,0,2,0,0,0,0,0,0,0,0,0,0,0.12,0.02,1.18,1.49,1.79,1.06,0.0,0.0,0.0,0.0,0.0,0.0,0.0,3.5,0.0,0.32,0.0,0.35,0.0,0.0,0.0,0.0,0.0,0.0,3.7,0.0,5.7,0.0
77,0,0,1,1,1,1,0,0,0,0,0,0,0,2,0,0,0,0,0,0,0,0,0,0,0.12,0.02,1.21,1.56,1.87,1.14,0.0,0.0,0.0,0.01,0.0,0.0,0.0,2.92,0.0,0.28,0.0,0.31,0.0,0.0,0.0,0.0,0.0,0.0,6.5,0.0,2.0,0.0
78,0,0,1,1,1,1,0,0,0,0,0,0,0,2,0,0,0,0,0,0,0,0,0,0,0.12,0.02,1.13,1.45,1.77,1.13,0.0,0.0,0.0,0.01,0.0,0.0,0.0,2.46,0.0,0.23,0.0,0.3,0.0,0.0,0.0,0.0,0.0,0.0,4.9,0.0,1.8,0.0
79,0,0,1,1,1,1,0,0,0,0,0,0,0,2,0,0,0,0,0,0,0,0,0,0,0.11,0.02,1.32,1.65,1.94,1.24,0.0,0.0,0.0,0.01,0.0,0.0,0.0,2.11,0.0,0.22,0.0,0.28,0.0,0.0,0.0,0.0,0.0,0.0,7.8,0.0,1.7,0.0
80,0,0,1,1,1,1,0,0,0,0,0,0,0,1,0,0,0,0,0,0,0,0,0,0,0.12,0.02,1.44,1.76,1.96,1.3,0.0,0.0,0.0,0.0,0.0,0.0,0.0,1.82,0.0,0.26,0.0,0.3,0.0,0.0,0.0,0.0,0.0,0.0,7.3,0.0,1.8,0.0
81,0,0,1,1,1,1,0,0,0,0,0,0,0,1,0,0,0,0,0,0,0,0,0,0,0.09,0.02,1.61,1.91,1.68,1.43,0.0,0.0,0.0,0.0,0.0,0.0,0.0,1.47,0.0,0.18,0.0,0.35,0.0,0.0,0.0,0.0,0.0,0.0,7.1,0.0,1.1,0.0
82,0,0,1,2,1,1,0,0,0,0,0,0,0,1,0,0,0,0,0,0,0,0,0,0,0.07,0.02,1.84,2.1,1.57,1.61,0.0,0.0,0.0,0.0,0.0,0.0,0.0,1.1,0.0,0.13,0.0,0.47,0.0,0.0,0.0,0.0,0.0,0.0,8.3,0.0,1.0,0.0
83,0,0,1,1,1,1,0,0,0,0,0,0,0,0,0,0,0,0,0,0,0,0,0,0,0.05,0.01,1.71,1.95,1.35,1.5,0.0,0.0,0.0,0.0,0.0,0.0,0.0,0.81,0.0,0.09,0.0,0.91,0.0,0.0,0.0,0.0,0.0,0.0,5.1,0.0,2.0,0.0
84,0,0,1,1,1,1,0,0,0,0,0,0,0,0,0,0,0,1,0,0,0,0,0,0,0.04,0.01,1.59,1.91,1.2,1.41,0.0,0.0,0.0,0.0,0.0,0.0,0.0,0.6,0.0,0.06,0.0,1.18,0.0,0.0,0.0,0.0,0.0,0.0,5.2,0.0,1.9,0.0
85,0,0,1,1,1,1,0,0,0,0,0,0,0,0,0,0,0,1,0,0,0,0,0,0,0.07,0.01,1.37,1.71,1.2,1.24,0.0,0.07,0.0,0.08,0.0,0.0,0.0,0.62,0.0,0.04,0.0,1.3,0.0,0.0,0.0,0.0,0.0,0.0,4.3,0.5,2.2,0.0
86,0,0,1,1,1,1,0,0,0,0,0,0,0,0,0,0,0,1,0,0,0,0,0,0,0.09,0.01,1.23,1.61,1.26,1.21,0.0,0.05,0.0,0.16,0.0,0.0,0.0,0.71,0.0,0.03,0.0,1.59,0.0,0.0,0.0,0.0,0.0,0.0,4.9,0.4,3.2,0.0
87,0,0,1,1,1,1,0,0,0,0,0,0,0,0,0,0,0,1,0,0,0,0,0,0,0.13,0.02,1.17,1.68,1.63,1.36,0.0,0.03,0.0,0.12,0.0,0.0,0.0,0.7,0.0,0.14,0.0,1.77,0.6,0.24,0.0,0.0,0.23,0.04,7.4,0.0,3.3,3.7
88,0,0,0,1,1,1,0,0,0,0,0,0,0,1,0,0,0,2,1,0,0,0,0,0,0.2,0.06,0.82,1.18,1.69,1.4,0.0,0.02,0.0,0.13,0.0,0.0,0.0,1.04,0.0,0.34,0.0,2.45,1.83,0.54,0.0,0.0,0.58,0.08,3.8,0.1,6.7,7.5
89,0,0,0,0,2,1,0,0,0,0,0,0,0,0,0,0,0,1,2,0,0,0,0,0,0.31,0.13,0.58,0.82,2.23,1.84,0.0,0.02,0.0,0.09,0.0,0.0,0.0,0.88,0.0,0.28,0.0,1.96,2.09,0.66,0.0,0.0,0.78,0.11,7.3,0.1,1.5,5.1
90,0,0,0,0,2,2,0,0,0,0,0,0,0,0,0,0,0,1,2,0,0,0,0,0,0.37,0.19,0.4,0.58,2.4,2.03,0.0,0.01,0.0,0.06,0.0,0.0,0.0,0.77,0.0,0.21,0.0,1.5,2.53,0.7,0.0,0.0,0.88,0.12,6.1,0.1,1.0,5.6
91,0,0,0,0,2,2,0,0,0,0,0,0,0,0,0,0,0,1,2,0,0,0,1,0,0.42,0.23,0.28,0.4,2.75,2.35,0.0,0.01,0.0,0.04,0.0,0.0,0.0,0.74,0.0,0.16,0.0,1.17,2.63,0.76,0.0,0.0,1.03,0.15,7.5,0.1,1.1,5.4
92,0,0,0,0,2,2,0,0,0,0,0,0,0,0,0,0,0,0,2,0,0,0,0,0,0.41,0.24,0.2,0.28,2.57,2.24,0.0,0.01,0.0,0.03,0.0,0.0,0.0,0.71,0.0,0.12,0.0,0.91,2.28,0.67,0.0,0.0,0.93,0.14,4.8,0.0,1.0,2.7
93,0,0,0,0,2,2,0,0,0,0,0,0,0,0,0,0,0,0,2,0,0,0,0,0,0.38,0.22,0.27,0.35,2.26,2.01,0.0,0.0,0.0,0.02,0.0,0.0,0.0,0.68,0.0,0.09,0.0,0.74,2.18,0.63,0.0,0.0,0.97,0.15,4.4,0.0,1.0,3.7
94,0,0,0,0,1,1,0,0,0,0,0,0,0,0,0,0,0,0,1,0,0,0,0,0,0.27,0.18,0.34,0.51,1.81,1.83,0.0,0.0,0.0,0.01,0.0,0.0,0.0,0.8,0.0,0.09,0.0,0.75,1.94,0.58,0.0,0.0,0.93,0.15,3.7,0.0,1.9,2.8
95,0,0,0,0,1,1,0,0,0,0,0,0,0,0,0,0,0,0,1,0,0,0,0,0,0.19,0.13,0.46,0.65,1.49,1.59,0.0,0.0,0.0,0.01,0.0,0.0,0.0,0.77,0.0,0.07,0.0,0.7,1.63,0.55,0.0,0.0,0.83,0.16,3.5,0.0,1.3,2.2
96,0,0,0,0,1,1,0,0,0,0,0,0,0,0,0,0,0,0,1,0,0,0,0,0,0.13,0.1,0.44,0.74,1.35,1.39,0.0,0.02,0.0,0.02,0.0,0.0,0.0,0.66,0.0,0.05,0.0,0.65,1.14,0.39,0.0,0.0,0.58,0.11,3.3,0.1,0.9,0.0
97,0,0,0,0,0,1,0,0,0,0,0,0,0,0,0,0,0,0,0,0,0,0,0,0,0.1,0.09,0.47,0.91,0.95,1.26,0.0,0.35,0.0,0.54,0.0,0.05,0.07,0.48,0.0,0.03,0.01,0.55,0.8,0.27,0.0,0.0,0.41,0.08,2.9,3.0,0.6,0.0
98,0,0,0,1,0,0,0,0,0,0,0,0,0,0,0,0,0,0,0,0,0,0,0,0,0.08,0.1,0.59,1.27,0.66,0.88,0.0,0.53,0.0,0.7,0.0,0.14,0.05,0.33,0.0,0.02,0.0,0.38,0.56,0.19,0.0,0.0,0.29,0.05,3.1,2.4,0.0,0.0
99,0,0,0,1,0,0,0,0,0,0,0,0,0,0,0,0,0,0,0,0,0,0,0,0,0.09,0.12,0.83,1.66,0.46,0.62,0.0,0.45,0.0,0.55,0.0,0.14,0.03,0.4,0.0,0.02,0.0,0.43,0.39,0.13,0.0,0.0,0.2,0.04,4.2,0.6,1.1,0.0
100,0,0,1,1,0,0,0,0,0,0,0,0,0,0,0,0,0,0,0,0,0,0,0,0,0.1,0.13,1.01,1.78,0.32,0.43,0.0,0.32,0.0,0.4,0.0,0.11,0.02,0.42,0.0,0.01,0.0,0.45,0.27,0.09,0.0,0.0,0.14,0.03,3.8,0.1,1.0,0.0
101,0,0,1,1,0,0,0,0,0,0,0,0,0,0,0,0,0,0,0,0,0,0,0,0,0.08,0.1,1.07,1.4,0.23,0.3,0.0,0.46,0.0,0.53,0.0,0.28,0.02,0.3,0.0,0.01,0.0,0.31,0.19,0.07,0.0,0.0,0.1,0.02,1.7,2.3,0.0,0.0
102,0,0,1,1,0,0,0,0,0,0,0,0,0,0,0,0,0,0,0,0,0,0,0,0,0.18,0.08,1.81,1.39,0.16,0.21,0.0,0.32,0.0,0.95,0.0,0.2,0.01,0.21,0.0,0.01,0.0,0.22,0.13,0.05,0.0,0.0,0.07,0.01,5.4,1.9,0.0,0.0
103,0,0,1,1,0,0,0,0,0,0,0,0,0,0,0,0,0,0,0,0,0,0,0,0,0.19,0.06,1.68,1.21,0.18,0.53,0.0,0.22,0.0,0.66,0.0,0.14,0.01,0.15,0.0,0.0,0.0,0.15,0.09,0.03,0.0,0.0,0.05,0.01,3.9,2.8,0.0,0.0
104,0,0,1,1,0,1,0,0,0,0,0,0,0,0,0,0,0,0,0,0,0,0,0,0,0.17,0.04,1.88,1.37,0.6,1.05,0.0,0.16,0.0,0.46,0.0,0.1,0.01,0.1,0.0,0.0,0.0,0.11,0.41,0.38,0.0,0.0,0.14,0.09,8.1,2.3,0.0,3.0
105,0,0,1,1,0,1,0,0,0,0,0,0,0,0,0,0,0,0,1,1,0,0,0,0,0.16,0.04,1.71,1.44,0.86,1.17,0.0,0.11,0.0,0.32,0.0,0.07,0.0,0.12,0.0,0.0,0.0,0.14,1.38,1.23,0.0,0.0,0.15,0.11,6.0,1.6,0.4,7.2
106,0,0,1,1,1,1,0,0,0,0,0,0,0,0,0,0,0,0,1,1,0,0,0,0,0.15,0.03,1.52,1.45,1.06,1.26,0.0,0.08,0.0,0.23,0.0,0.05,0.0,0.08,0.0,0.0,0.0,0.1,1.67,1.44,0.0,0.0,0.16,0.11,5.7,0.0,0.0,4.6
107,0,0,1,1,1,1,0,0,0,0,0,0,0,0,0,0,0,0,2,1,0,0,0,0,0.17,0.04,1.28,1.36,1.19,1.32,0.0,0.05,0.0,0.16,0.0,0.03,0.0,0.06,0.0,0.0,0.0,0.07,2.1,1.79,0.0,0.0,0.23,0.14,5.1,0.7,0.0,6.3
108,0,0,1,1,1,1,0,0,0,0,0,0,0,0,0,0,0,0,2,2,0,0,0,0,0.17,0.05,1.02,1.15,1.19,1.26,0.0,0.04,0.0,0.11,0.0,0.02,0.0,0.04,0.0,0.0,0.0,0.05,2.4,2.01,0.0,0.0,0.3,0.16,3.6,0.6,0.0,6.2
109,0,0,0,1,1,1,0,0,0,0,0,0,0,0,0,0,0,0,2,1,0,0,0,0,0.18,0.06,0.95,1.2,1.47,1.38,0.0,0.03,0.0,0.08,0.0,0.02,0.0,0.03,0.0,0.0,0.0,0.03,2.29,1.97,0.0,0.0,0.35,0.19,6.2,1.1,0.0,4.7
110,0,0,0,1,1,1,0,0,0,0,0,0,0,0,0,0,0,0,2,1,0,0,0,0,0.19,0.05,0.82,1.12,1.4,1.25,0.0,0.02,0.0,0.41,0.0,0.01,0.0,0.03,0.0,0.0,0.0,0.03,2.09,1.87,0.0,0.0,0.41,0.24,3.9,1.2,0.0,4.2
111,0,0,0,0,1,1,0,0,0,0,0,0,0,0,0,0,0,0,1,1,0,0,0,0,0.13,0.04,0.72,0.93,1.06,1.0,0.0,0.01,0.0,0.6,0.0,0.01,0.0,0.02,0.0,0.0,0.0,0.03,1.88,1.74,0.0,0.0,0.49,0.32,1.6,1.0,0.0,4.0
112,0,0,0,0,0,0,0,0,0,0,0,0,0,0,0,0,0,0,1,1,0,0,0,0,0.09,0.03,0.59,0.79,0.85,0.84,0.0,0.25,0.0,0.54,0.0,0.01,0.0,0.41,0.0,0.0,0.0,0.56,1.43,1.35,0.0,0.0,0.42,0.28,1.6,1.2,3.1,1.3
113,0,0,0,0,0,0,0,0,0,0,0,0,0,0,0,0,0,0,1,0,0,0,0,0,0.06,0.02,0.48,0.69,0.79,0.78,0.0,0.47,0.0,0.65,0.0,0.03,0.0,0.37,0.0,0.0,0.0,0.53,1.01,0.94,0.0,0.0,0.29,0.2,2.0,1.9,0.8,0.0
114,0,0,0,0,0,0,0,0,0,0,0,0,0,0,0,0,0,0,0,0,0,0,0,0,0.05,0.02,0.41,0.65,0.87,0.83,0.0,0.64,0.0,0.85,0.0,0.12,0.01,0.26,0.0,0.0,0.0,0.38,0.7,0.66,0.0,0.0,0.2,0.14,2.8,2.7,0.1,0.0
115,0,0,0,1,0,0,0,0,0,0,0,0,0,0,0,0,0,0,0,0,0,0,0,0,0.04,0.03,0.76,1.3,0.61,0.58,0.0,0.63,0.0,0.72,0.0,0.2,0.01,0.19,0.0,0.0,0.0,0.27,0.49,0.46,0.0,0.0,0.14,0.1,4.5,1.4,0.0,0.0
116,0,0,1,1,0,0,0,0,0,0,0,0,0,0,0,0,0,0,0,0,0,0,0,0,0.04,0.03,1.11,1.73,0.43,0.41,0.0,0.6,0.0,0.61,0.0,0.3,0.0,0.13,0.0,0.0,0.0,0.19,0.35,0.32,0.0,0.0,0.1,0.07,4.7,1.4,0.0,0.0
117,0,0,1,1,0,0,0,0,0,0,0,0,0,0,0,0,0,0,0,0,0,0,0,0,0.03,0.03,1.11,1.66,0.3,0.29,0.0,0.6,0.0,0.56,0.0,0.39,0.0,0.09,0.0,0.0,0.0,0.13,0.24,0.23,0.0,0.0,0.07,0.05,2.7,1.6,0.0,0.0
118,0,0,0,1,0,0,0,0,0,0,0,0,0,0,0,0,0,0,0,0,0,0,0,0,0.02,0.02,0.97,1.26,0.38,0.38,0.0,0.69,0.0,0.54,0.0,0.45,0.0,0.06,0.0,0.0,0.0,0.09,0.17,0.16,0.0,0.0,0.05,0.03,2.2,2.0,0.0,0.0
119,0,0,0,1,0,0,0,0,0,1,0,0,0,0,0,0,0,0,0,0,0,0,0,0,0.06,0.02,0.92,1.03,0.34,0.51,0.0,0.48,0.0,1.08,0.0,0.31,0.0,0.04,0.0,0.0,0.0,0.06,0.12,0.11,0.0,0.0,0.03,0.02,2.5,2.3,0.0,0.0
120,0,0,1,1,0,0,0,0,0,1,0,0,0,0,0,0,0,0,0,0,0,0,0,0,0.07,0.01,1.12,1.06,0.63,0.78,0.0,0.34,0.0,1.5,0.0,0.22,0.0,0.03,0.0,0.0,0.0,0.05,0.08,0.08,0.0,0.0,0.02,0.02,5.5,2.5,0.0,0.0
121,0,0,1,1,0,0,0,0,0,1,0,0,0,0,0,0,0,0,0,0,0,0,0,0,0.08,0.01,1.19,1.29,0.99,0.95,0.0,0.24,0.0,1.05,0.0,0.15,0.0,0.07,0.0,0.0,0.0,0.09,0.47,0.47,0.0,0.0,0.12,0.12,6.4,2.3,0.4,3.4
122,0,0,1,1,1,1,0,0,0,0,0,0,0,0,0,0,0,0,1,1,0,0,0,0,0.11,0.02,1.04,1.34,1.24,1.06,0.0,0.16,0.0,0.74,0.0,0.11,0.0,0.05,0.0,0.0,0.0,0.06,1.28,1.23,0.0,0.0,0.13,0.12,5.5,0.9,0.0,6.5
123,0,0,0,1,1,1,0,0,0,0,0,0,0,0,0,0,0,0,1,1,0,0,0,0,0.16,0.04,0.73,1.26,1.47,1.2,0.0,0.12,0.0,0.51,0.0,0.08,0.0,0.04,0.0,0.0,0.0,0.04,1.75,1.68,0.0,0.0,0.19,0.15,5.0,0.9,0.0,6.1
124,0,0,0,0,2,1,0,0,0,0,0,0,0,0,0,0,0,0,2,1,0,0,0,0,0.3,0.09,0.51,0.88,2.2,1.71,0.0,0.08,0.0,0.36,0.0,0.05,0.0,0.03,0.0,0.0,0.0,0.03,2.03,1.92,0.0,0.0,0.13,0.16,7.6,1.0,0.0,5.3
125,0,0,0,0,2,2,0,0,0,0,0,0,0,0,0,0,0,0,1,1,0,0,0,0,0.43,0.15,0.36,0.62,2.89,2.18,0.0,0.06,0.0,0.25,0.0,0.04,0.0,0.02,0.0,0.0,0.0,0.02,1.42,1.77,0.0,0.0,0.09,0.16,8.8,1.3,0.0,1.6
126,0,0,0,0,3,2,0,0,0,0,0,0,0,0,0,0,0,0,0,1,0,0,0,0,0.57,0.18,0.25,0.43,3.71,2.57,0.0,0.04,0.0,0.18,0.0,0.03,0.0,0.01,0.0,0.0,0.0,0.02,0.99,1.45,0.0,0.0,0.07,0.25,10.3,1.3,0.0,1.1
127,0,0,0,0,3,2,0,0,0,0,0,0,0,0,0,0,0,0,0,1,0,0,0,0,0.6,0.18,0.18,0.3,3.53,2.44,0.0,0.03,0.0,0.12,0.0,0.02,0.0,0.01,0.0,0.0,0.0,0.01,0.72,1.04,0.0,0.0,0.05,0.2,6.1,1.0,0.0,0.3
128,0,0,0,0,2,1,0,0,0,0,0,0,0,0,0,0,0,0,0,1,0,0,0,0,0.47,0.14,0.17,0.33,2.72,1.91,0.0,0.02,0.0,0.09,0.0,0.01,0.0,0.01,0.0,0.0,0.0,0.01,0.93,1.15,0.0,0.0,0.19,0.32,2.3,1.2,0.0,3.9
129,0,0,0,0,2,1,0,0,0,0,0,0,0,0,0,0,0,0,0,1,0,0,0,0,0.33,0.1,0.16,0.36,2.05,1.46,0.0,0.01,0.0,0.5,0.0,0.01,0.0,0.01,0.0,0.0,0.0,0.01,0.9,1.07,0.0,0.0,0.27,0.35,1.5,1.5,0.0,2.6
130,0,0,0,0,1,1,0,0,0,0,0,0,0,0,0,0,0,0,0,0,0,0,0,0,0.23,0.07,0.11,0.25,1.43,1.02,0.0,0.47,0.0,0.46,0.0,0.01,0.0,0.16,0.0,0.0,0.0,0.18,0.66,0.78,0.0,0.0,0.21,0.27,0.0,1.9,1.1,0.3
131,0,0,0,0,1,0,0,0,0,0,0,0,0,0,0,0,0,0,0,0,0,0,0,0,0.16,0.05,0.11,0.24,1.06,0.75,0.0,0.55,0.0,0.53,0.0,0.06,0.0,0.53,0.0,0.0,0.0,0.34,0.46,0.54,0.0,0.0,0.15,0.19,0.6,1.6,2.1,0.0
132,0,0,0,0,0,0,0,0,0,0,0,0,0,0,0,0,0,0,0,0,0,0,0,0,0.12,0.07,0.19,0.48,0.74,0.53,0.0,0.68,0.0,0.57,0.0,0.22,0.02,0.48,0.0,0.0,0.0,0.38,0.32,0.38,0.0,0.0,0.11,0.14,1.6,2.2,0.9,0.0
133,0,0,0,1,0,0,0,0,0,0,0,0,0,0,0,0,0,0,0,0,0,0,0,0,0.13,0.16,0.4,1.0,0.52,0.37,0.0,0.7,0.0,0.53,0.0,0.25,0.01,0.38,0.0,0.0,0.0,0.31,0.23,0.27,0.0,0.0,0.08,0.1,3.6,1.5,0.3,0.0
134,0,0,0,0,0,0,0,0,0,0,0,0,0,0,0,0,0,0,0,0,0,0,0,0,0.13,0.2,0.4,0.98,0.36,0.26,0.0,0.81,0.0,0.37,0.0,0.41,0.01,0.27,0.0,0.0,0.0,0.22,0.16,0.19,0.0,0.0,0.06,0.07,1.7,1.8,0.0,0.0
135,0,0,0,1,0,0,0,0,0,0,0,0,0,0,0,0,0,0,0,0,0,0,0,0,0.14,0.24,0.46,1.07,0.25,0.18,0.0,0.85,0.0,0.26,0.0,0.55,0.01,0.19,0.0,0.0,0.0,0.15,0.11,0.13,0.0,0.0,0.04,0.05,2.4,1.8,0.0,0.0
136,0,0,1,1,0,0,0,0,0,0,0,0,0,0,0,0,0,0,0,0,0,0,0,0,0.18,0.23,1.38,1.08,0.18,0.13,0.0,0.98,0.0,0.19,0.0,0.48,0.0,0.13,0.0,0.0,0.0,0.11,0.08,0.09,0.0,0.0,0.03,0.03,5.1,1.7,0.0,0.0
137,0,0,1,1,0,0,0,0,0,0,0,0,0,0,0,0,0,0,0,0,0,0,0,0,0.39,0.18,1.67,1.06,0.12,0.09,0.0,0.69,0.0,0.84,0.0,0.34,0.0,0.09,0.0,0.0,0.0,0.08,0.05,0.06,0.0,0.0,0.02,0.02,4.3,2.4,0.0,0.0
138,0,0,2,1,0,0,0,0,0,1,0,0,0,0,0,0,0,0,0,0,0,0,0,0,0.41,0.14,2.0,1.22,0.09,0.06,0.0,0.48,0.0,1.28,0.0,0.24,0.0,0.06,0.0,0.0,0.0,0.05,0.04,0.04,0.0,0.0,0.01,0.02,4.9,2.3,0.0,0.0
139,0,0,2,1,0,0,0,0,0,0,0,0,0,0,0,0,0,0,0,0,0,0,0,0,0.31,0.1,2.04,1.29,0.55,0.7,0.0,0.34,0.0,0.9,0.0,0.17,0.0,0.05,0.0,0.0,0.0,0.04,0.03,0.03,0.0,0.0,0.01,0.01,7.5,2.2,0.0,0.0
140,0,0,1,1,0,1,0,0,0,0,0,0,0,0,0,0,0,0,0,0,0,0,0,0,0.24,0.08,1.95,1.4,0.87,1.01,0.0,0.24,0.0,0.63,0.0,0.12,0.0,0.03,0.0,0.0,0.0,0.03,0.02,0.02,0.0,0.0,0.01,0.01,6.8,1.2,0.0,0.0
141,0,0,1,1,1,1,0,0,0,0,0,0,0,0,0,0,0,0,0,0,0,0,0,0,0.2,0.06,1.84,1.55,1.15,1.25,0.0,0.17,0.0,0.44,0.0,0.08,0.0,0.02,0.0,0.0,0.0,0.02,0.01,0.02,0.0,0.0,0.0,0.01,7.2,1.3,0.0,0.0
142,0,0,1,1,1,1,0,0,0,0,0,0,0,0,0,0,0,0,0,0,0,0,0,0,0.2,0.06,1.55,1.47,1.31,1.37,0.0,0.12,0.0,0.31,0.0,0.06,0.0,0.02,0.0,0.0,0.0,0.01,0.77,0.75,0.0,0.0,0.14,0.13,5.8,0.3,0.0,5.9
143,0,0,1,1,1,1,0,0,0,0,0,0,0,0,0,0,0,0,0,3,0,0,0,0,0.23,0.09,1.28,1.35,1.57,1.57,0.0,0.08,0.0,0.22,0.0,0.04,0.0,0.01,0.0,0.0,0.0,0.01,0.54,3.59,0.0,0.0,0.1,0.29,6.3,0.0,0.0,10.9
144,0,0,0,0,2,2,0,0,0,0,0,0,0,0,0,0,0,0,0,3,0,0,0,0,0.35,0.13,0.89,0.94,2.49,2.2,0.0,0.06,0.0,0.15,0.0,0.03,0.0,0.01,0.0,0.0,0.0,0.01,0.37,4.31,0.0,0.0,0.07,0.55,9.2,1.0,0.0,7.1
145,0,0,0,0,2,2,0,0,0,0,0,0,0,0,0,0,0,0,0,3,0,0,0,0,0.42,0.15,0.63,0.66,2.58,2.24,0.0,0.04,0.0,0.11,0.0,0.02,0.0,0.01,0.0,0.0,0.0,0.0,0.26,4.02,0.0,0.0,0.05,0.7,5.9,0.9,0.0,4.4
146,0,0,0,0,2,1,0,0,0,0,0,0,0,0,0,0,0,0,0,3,0,0,0,1,0.36,0.12,0.49,0.59,2.09,1.82,0.0,0.03,0.0,0.07,0.0,0.01,0.0,0.01,0.0,0.0,0.0,0.01,0.18,4.51,0.0,0.0,0.03,1.05,2.6,1.3,0.0,7.5
147,0,0,0,0,1,1,0,0,0,0,0,0,0,0,0,0,0,0,0,3,0,0,0,0,0.28,0.09,0.39,0.53,1.6,1.42,0.0,0.02,0.0,0.41,0.0,0.01,0.0,0.01,0.0,0.0,0.0,0.01,0.52,3.54,0.0,0.0,0.24,0.93,1.6,1.2,0.0,3.9
148,0,0,0,0,1,1,0,0,0,0,0,0,0,0,0,0,0,0,0,2,0,0,0,0,0.19,0.06,0.31,0.43,1.17,1.06,0.0,0.37,0.0,0.39,0.0,0.01,0.0,0.53,0.0,0.0,0.0,0.63,0.59,2.71,0.0,0.0,0.38,0.85,0.7,1.5,3.8,2.9
149,0,0,0,0,0,0,0,0,0,0,0,0,0,0,0,0,0,1,0,1,0,0,0,0,0.14,0.05,0.26,0.38,0.9,0.81,0.0,0.52,0.0,0.53,0.0,0.0,0.0,0.75,0.0,0.0,0.0,1.07,0.42,1.9,0.0,0.0,0.27,0.6,0.9,1.7,3.4,0.0
150,0,0,0,0,0,0,0,1,0,0,0,0,0,0,0,0,0,0,0,1,0,0,0,0,0.1,0.04,0.33,0.59,0.63,0.87,0.0,1.11,0.0,0.99,0.0,0.0,0.0,0.53,0.0,0.0,0.0,0.75,0.29,1.33,0.0,0.0,0.19,0.42,2.6,4.6,0.0,0.0
151,0,0,0,1,0,0,0,0,0,0,0,0,0,0,0,0,0,0,0,0,0,0,0,0,0.08,0.07,0.55,1.15,0.44,0.61,0.0,0.84,0.0,0.84,0.0,0.03,0.0,0.37,0.0,0.0,0.0,0.53,0.2,0.93,0.0,0.0,0.13,0.29,3.7,0.8,0.0,0.0
152,0,0,0,1,0,0,0,1,0,1,0,0,0,0,0,0,0,0,0,0,0,0,0,0,0.07,0.08,0.64,1.35,0.31,0.42,0.0,1.18,0.0,1.37,0.0,0.45,0.0,0.26,0.0,0.0,0.0,0.37,0.14,0.65,0.0,0.0,0.09,0.21,2.8,6.0,0.0,0.0
153,0,0,0,1,0,0,0,0,0,1,0,0,0,0,0,0,0,0,0,0,0,0,0,0,0.06,0.1,0.82,1.64,0.22,0.3,0.0,0.96,0.0,1.06,0.0,0.35,0.0,0.18,0.0,0.0,0.0,0.26,0.1,0.46,0.0,0.0,0.06,0.14,3.8,0.9,0.0,0.0
154,0,0,1,1,0,0,0,0,0,0,0,0,0,0,0,0,0,0,0,0,0,0,0,0,0.06,0.08,1.01,1.36,0.15,0.21,0.0,0.84,0.0,0.83,0.0,0.26,0.0,0.13,0.0,0.0,0.0,0.18,0.07,0.32,0.0,0.0,0.04,0.1,2.3,0.9,0.0,0.0
155,0,0,1,1,0,0,0,0,0,0,0,0,0,0,0,0,0,0,0,0,0,0,0,0,0.15,0.07,1.19,1.2,0.11,0.15,0.0,0.58,0.0,0.85,0.0,0.19,0.0,0.09,0.0,0.0,0.0,0.13,0.21,0.24,0.0,0.0,0.03,0.19,2.9,0.9,0.0,1.0
156,0,0,1,1,0,0,0,0,0,0,0,0,0,0,0,0,0,0,0,0,0,0,0,0,0.18,0.05,1.44,1.19,0.07,0.6,0.0,0.41,0.0,0.59,0.0,0.14,0.0,0.09,0.0,0.0,0.0,0.13,0.91,0.38,0.0,0.0,0.03,0.54,5.1,1.1,0.2,4.6
157,0,0,1,1,0,1,0,0,0,0,0,0,0,0,0,0,0,0,1,0,0,0,0,0,0.17,0.04,1.77,1.37,0.47,1.16,0.0,0.29,0.0,0.42,0.0,0.1,0.0,0.31,0.0,0.0,0.0,0.52,1.24,0.72,0.0,0.0,0.11,0.74,8.4,1.4,2.3,5.1
158,0,0,1,1,0,1,0,0,0,0,0,0,0,1,0,0,0,1,1,1,0,0,0,0,0.18,0.05,1.92,1.64,0.78,1.49,0.0,0.2,0.0,0.29,0.0,0.07,0.0,1.14,0.0,0.0,0.0,1.81,1.79,1.56,0.0,0.0,0.08,0.55,8.6,0.0,7.9,6.7
159,0,0,2,1,1,1,0,0,0,0,0,0,0,0,0,0,0,1,2,2,0,0,0,0,0.19,0.05,2.01,1.88,1.12,1.78,0.0,0.14,0.0,0.2,0.0,0.05,0.0,0.8,0.0,0.0,0.0,1.27,2.37,2.14,0.0,0.0,0.08,0.48,9.2,1.1,0.0,7.6
160,0,0,1,1,1,1,0,0,0,0,0,0,0,0,0,0,0,0,2,2,0,0,0,0,0.18,0.05,1.94,1.94,1.29,1.87,0.0,0.1,0.0,0.14,0.0,0.03,0.0,0.56,0.0,0.0,0.0,0.89,2.48,2.27,0.0,0.0,0.17,0.56,7.9,1.3,0.0,6.4
161,0,0,1,1,1,1,0,0,0,0,0,0,0,0,0,0,0,0,2,2,0,0,0,0,0.19,0.06,1.71,1.78,1.3,1.8,0.0,0.07,0.0,0.1,0.0,0.02,0.0,0.39,0.0,0.0,0.0,0.62,2.49,2.38,0.0,0.0,0.2,0.51,5.9,0.6,0.0,5.8
162,0,0,1,1,1,1,0,0,0,0,0,0,0,0,0,0,0,0,2,2,0,0,0,0,0.18,0.08,1.52,1.61,1.27,1.68,0.0,0.05,0.0,0.07,0.0,0.02,0.0,0.27,0.0,0.0,0.0,0.44,2.41,2.37,0.0,0.0,0.21,0.44,5.2,1.1,0.0,5.1
163,0,0,1,1,1,1,0,0,0,0,0,0,0,0,0,0,0,0,2,2,0,0,0,0,0.18,0.08,1.52,1.65,1.43,1.77,0.0,0.03,0.0,0.05,0.0,0.01,0.0,0.2,0.0,0.0,0.0,0.31,2.31,2.3,0.0,0.0,0.22,0.41,7.3,1.2,0.0,4.8
164,0,0,1,1,1,1,0,0,0,0,0,0,0,0,0,0,0,0,2,2,0,0,0,0,0.16,0.07,1.28,1.41,1.2,1.49,0.0,0.02,0.0,0.03,0.0,0.01,0.0,0.16,0.0,0.0,0.0,0.22,2.08,2.08,0.0,0.0,0.25,0.41,3.3,1.6,0.1,3.9
165,0,0,0,1,0,1,0,0,0,0,0,0,0,0,0,0,0,0,1,1,0,0,0,0,0.13,0.06,0.98,1.08,0.87,1.11,0.0,0.02,0.0,0.54,0.0,0.01,0.0,0.14,0.0,0.0,0.0,0.17,1.94,1.94,0.0,0.0,0.33,0.48,1.0,1.7,0.1,4.4
166,0,0,0,0,0,0,0,0,0,0,0,0,0,1,0,0,0,0,1,1,0,0,0,0,0.09,0.06,0.82,0.89,0.72,0.83,0.0,0.51,0.0,0.4,0.0,0.0,0.0,1.02,0.0,0.0,0.0,0.81,1.46,1.44,0.0,0.0,0.29,0.42,1.5,1.8,5.4,1.1
167,0,0,0,0,0,0,0,0,0,0,0,0,0,0,0,0,0,0,1,1,0,0,0,0,0.07,0.08,0.66,0.83,0.5,0.58,0.0,0.66,0.0,0.35,0.0,0.0,0.0,0.73,0.0,0.0,0.0,0.6,1.02,1.01,0.0,0.0,0.2,0.29,1.1,1.3,0.2,0.0
168,0,0,0,1,0,0,0,0,0,0,0,0,0,0,0,0,0,0,0,0,0,0,0,0,0.06,0.17,0.66,1.14,0.35,0.41,0.0,0.67,0.0,0.34,0.0,0.05,0.0,0.51,0.0,0.0,0.0,0.42,0.72,0.71,0.0,0.0,0.14,0.2,2.9,1.2,0.0,0.0
169,0,0,0,1,0,0,0,0,0,0,0,0,0,0,0,0,0,0,0,0,0,0,0,0,0.07,0.24,0.69,1.47,0.25,0.28,0.0,0.6,0.0,0.4,0.0,0.08,0.0,0.36,0.0,0.0,0.0,0.29,0.5,0.49,0.0,0.0,0.1,0.14,3.5,1.1,0.0,0.0
170,0,0,0,1,0,0,0,1,0,0,0,0,0,0,0,0,0,0,0,0,0,0,0,0,0.07,0.28,0.69,1.6,0.17,0.2,0.0,1.74,0.0,0.53,0.0,0.81,0.0,0.25,0.0,0.0,0.0,0.21,0.35,0.35,0.0,0.0,0.07,0.1,3.0,7.7,0.0,0.0
171,0,0,0,1,0,0,0,1,0,0,0,0,0,0,0,0,0,0,0,0,0,0,0,0,0.17,0.23,0.69,1.28,0.12,0.14,0.0,1.58,0.0,0.43,0.0,0.72,0.0,0.18,0.0,0.0,0.0,0.14,0.25,0.24,0.0,0.0,0.05,0.07,1.7,1.9,0.0,0.0
172,0,0,1,1,0,0,0,1,0,0,0,0,0,0,0,0,0,0,0,0,0,0,0,0,0.38,0.23,1.38,1.53,0.08,0.1,0.0,1.52,0.0,0.31,0.0,0.52,0.0,0.12,0.0,0.0,0.0,0.1,0.17,0.17,0.0,0.0,0.03,0.05,6.2,1.5,0.0,0.0
173,0,0,1,1,0,0,0,1,0,0,0,0,0,0,0,0,0,0,0,0,0,0,0,0,0.43,0.2,1.73,1.68,0.06,0.43,0.0,1.07,0.0,0.83,0.0,0.36,0.0,0.09,0.0,0.0,0.0,0.07,0.12,0.12,0.0,0.0,0.02,0.03,6.5,2.0,0.0,0.0
174,0,0,1,1,0,0,0,0,0,0,0,0,0,0,0,0,0,0,0,0,0,0,0,0,0.36,0.16,1.66,1.59,0.19,0.61,0.0,0.75,0.0,0.58,0.0,0.26,0.0,0.06,0.0,0.0,0.0,0.05,0.08,0.08,0.0,0.0,0.02,0.02,4.7,2.7,0.0,0.0
175,0,0,1,1,0,1,0,0,0,0,0,0,0,0,0,0,0,0,0,0,0,0,0,0,0.29,0.12,1.85,1.77,0.64,1.09,0.0,0.52,0.0,0.41,0.0,0.18,0.0,0.04,0.0,0.0,0.0,0.04,0.26,0.2,0.0,0.0,0.05,0.11,8.5,1.9,0.0,1.6
176,0,0,1,1,0,1,0,0,0,0,0,0,0,0,0,0,0,0,1,1,0,0,0,0,0.24,0.1,1.77,1.8,0.99,1.34,0.0,0.37,0.0,0.28,0.0,0.12,0.0,0.03,0.0,0.0,0.0,0.03,1.23,1.1,0.0,0.0,0.09,0.21,7.4,1.8,0.0,7.3
177,0,0,1,1,1,1,0,0,0,0,0,0,0,0,0,0,0,0,1,1,0,0,0,0,0.21,0.09,1.69,1.8,1.28,1.53,0.0,0.26,0.0,0.2,0.0,0.09,0.0,0.02,0.0,0.0,0.0,0.02,1.55,1.44,0.0,0.0,0.11,0.23,7.4,1.0,0.0,4.9
178,0,0,1,1,1,1,0,0,0,0,0,0,0,0,0,0,0,0,1,1,0,0,0,0,0.22,0.1,1.51,1.72,1.57,1.74,0.0,0.18,0.0,0.14,0.0,0.06,0.0,0.01,0.0,0.0,0.0,0.01,1.95,1.9,0.0,0.0,0.11,0.2,7.5,1.2,0.0,6.1
179,0,0,1,1,1,1,0,0,0,0,0,0,0,0,0,0,0,0,1,2,0,0,0,0,0.26,0.13,1.26,1.51,1.81,1.91,0.0,0.13,0.0,0.1,0.0,0.04,0.0,0.01,0.0,0.0,0.0,0.01,1.37,3.4,0.0,0.0,0.08,0.17,6.9,0.8,0.0,7.0
180,0,0,1,1,1,2,0,0,0,0,0,0,0,0,0,0,0,0,0,2,0,0,0,0,0.29,0.14,1.11,1.42,1.99,2.03,0.0,0.09,0.0,0.07,0.0,0.03,0.0,0.01,0.0,0.0,0.0,0.01,0.96,2.94,0.0,0.0,0.05,0.14,7.2,1.0,0.0,1.9
181,0,0,0,1,1,1,0,0,0,0,0,0,0,0,0,0,0,0,0,2,0,0,0,0,0.3,0.14,0.91,1.24,1.9,1.94,0.0,0.06,0.0,0.05,0.0,0.02,0.0,0.01,0.0,0.0,0.0,0.01,0.67,2.3,0.0,0.0,0.04,0.11,5.2,1.0,0.0,0.8
182,0,0,0,0,1,1,0,0,0,0,0,0,0,0,0,0,0,0,1,2,0,0,0,0,0.24,0.11,0.7,0.96,1.45,1.51,0.0,0.04,0.0,0.03,0.0,0.01,0.0,0.02,0.0,0.0,0.0,0.01,1.01,2.21,0.0,0.0,0.03,0.11,1.6,1.4,0.1,3.9
183,0,0,0,0,1,1,0,0,0,0,0,0,0,0,0,0,0,0,1,2,0,0,0,0,0.17,0.08,0.49,0.67,1.02,1.06,0.0,0.03,0.0,0.5,0.0,0.01,0.0,0.04,0.0,0.0,0.0,0.02,1.19,2.06,0.0,0.0,0.06,0.12,0.0,1.6,0.1,3.6
184,0,0,0,0,0,0,0,0,0,0,0,0,0,0,0,0,0,0,0,1,0,0,0,0,0.12,0.05,0.34,0.47,0.71,0.74,0.0,0.47,0.0,0.38,0.0,0.01,0.0,0.06,0.0,0.0,0.0,0.03,0.98,1.59,0.0,0.0,0.1,0.15,0.0,1.6,0.1,1.4
185,0,0,0,0,0,0,0,0,0,0,0,0,0,0,0,0,0,0,0,1,0,0,0,0,0.08,0.05,0.25,0.36,0.5,0.52,0.0,0.55,0.0,0.4,0.0,0.05,0.0,0.05,0.0,0.0,0.0,0.03,0.68,1.11,0.0,0.0,0.07,0.11,0.2,1.4,0.0,0.0
186,0,0,0,0,0,0,0,0,0,0,0,0,0,0,0,0,0,0,0,0,0,0,0,0,0.07,0.07,0.21,0.38,0.35,0.36,0.0,0.48,0.0,0.46,0.0,0.11,0.0,0.04,0.0,0.0,0.0,0.02,0.48,0.78,0.0,0.0,0.05,0.07,0.7,1.2,0.0,0.0
187,0,0,0,0,0,0,0,0,0,0,0,0,0,0,0,0,0,0,0,0,0,0,0,0,0.11,0.27,0.29,0.77,0.24,0.25,0.0,0.5,0.0,0.53,0.0,0.18,0.0,0.03,0.0,0.0,0.0,0.02,0.33,0.55,0.0,0.0,0.04,0.05,3.1,1.6,0.0,0.0
188,0,0,0,0,0,0,0,1,0,0,0,0,0,0,0,0,0,0,0,0,0,0,0,0,0.13,0.32,0.33,0.75,0.17,0.18,0.0,1.91,0.0,0.45,0.0,0.94,0.0,0.02,0.0,0.0,0.0,0.02,0.23,0.38,0.0,0.0,0.03,0.04,1.8,8.2,0.0,0.0
189,0,0,0,0,0,0,0,1,0,0,0,0,0,0,0,0,0,0,0,0,0,0,0,0,0.27,0.27,0.4,0.61,0.12,0.12,0.0,1.55,0.0,0.33,0.0,0.74,0.0,0.02,0.0,0.0,0.0,0.01,0.16,0.27,0.0,0.0,0.02,0.03,1.6,1.0,0.0,0.0
190,0,0,0,0,0,0,0,1,0,0,0,0,0,0,0,0,0,0,0,0,0,0,0,0,0.7,0.32,0.94,0.73,0.08,0.09,0.0,1.37,0.0,0.23,0.0,0.53,0.0,0.01,0.0,0.0,0.0,0.01,0.11,0.19,0.0,0.0,0.01,0.02,5.3,1.0,0.0,0.0
191,0,0,1,0,0,0,0,0,0,0,0,0,0,0,0,0,0,0,0,0,0,0,0,0,0.98,0.34,1.55,0.95,0.06,0.06,0.0,0.96,0.0,0.27,0.0,0.55,0.0,0.01,0.0,0.0,0.0,0.01,0.08,0.13,0.0,0.0,0.01,0.01,6.5,1.0,0.0,0.0
192,1,0,2,1,0,0,0,0,0,0,0,0,0,0,0,0,0,0,0,0,0,0,0,0,1.13,0.33,2.41,1.38,0.04,0.04,0.0,0.67,0.0,0.51,0.0,0.39,0.0,0.01,0.0,0.0,0.0,0.0,0.23,0.12,0.0,0.0,0.01,0.11,8.6,1.1,0.0,1.0
193,1,0,2,1,0,0,0,0,0,0,0,0,0,0,0,0,0,0,0,0,0,0,0,0,1.08,0.29,3.21,1.96,0.03,0.03,0.0,0.47,0.0,0.36,0.0,0.27,0.0,0.0,0.0,0.0,0.0,0.0,0.9,0.87,0.0,0.0,0.31,0.53,9.6,1.2,0.0,7.6
194,0,0,2,2,0,0,0,0,0,0,0,0,0,0,0,0,0,0,1,1,0,0,0,0,0.91,0.25,3.45,2.36,0.02,0.74,0.0,0.33,0.0,0.25,0.0,0.19,0.0,0.0,0.0,0.0,0.0,0.0,1.27,1.2,0.0,0.0,0.34,0.58,10.3,1.3,0.0,5.2
195,0,0,2,2,0,1,0,0,0,0,0,0,0,0,0,0,0,0,1,1,0,0,0,0,0.77,0.23,3.26,2.51,0.29,1.08,0.0,0.23,0.0,0.18,0.0,0.13,0.0,0.05,0.0,0.0,0.0,0.04,1.92,1.9,0.0,0.0,0.28,0.45,9.1,0.7,0.3,7.3
196,0,0,2,2,0,1,0,0,0,0,0,0,0,0,0,0,0,0,2,2,0,0,0,0,0.64,0.21,2.95,2.45,0.49,1.23,0.0,0.16,0.0,0.12,0.0,0.09,0.0,0.04,0.0,0.0,0.0,0.03,2.05,2.22,0.0,0.0,0.3,0.4,7.6,1.4,0.0,5.9
197,0,0,2,2,0,1,0,0,0,0,0,0,0,0,0,0,0,0,2,2,0,0,0,0,0.52,0.2,2.51,2.17,0.59,1.21,0.0,0.11,0.0,0.09,0.0,0.07,0.0,0.03,0.0,0.0,0.0,0.02,2.27,2.64,0.0,0.0,0.26,0.31,5.4,0.1,0.0,6.7
198,0,0,2,2,0,1,0,0,0,0,0,0,0,0,0,0,0,0,2,2,0,0,0,0,0.44,0.2,2.27,2.03,1.0,1.5,0.0,0.08,0.0,0.06,0.0,0.05,0.0,0.02,0.0,0.0,0.0,0.01,2.79,3.2,0.0,0.0,0.18,0.23,7.9,1.0,0.0,8.6
199,0,0,1,1,1,1,0,0,0,0,0,0,0,0,0,0,0,0,1,3,0,0,0,0,0.37,0.2,1.87,1.7,1.13,1.52,0.0,0.06,0.0,0.04,0.0,0.03,0.0,0.01,0.0,0.0,0.0,0.01,1.95,4.15,0.0,0.0,0.13,0.18,5.3,0.9,0.0,6.4
200,0,0,1,1,1,1,0,0,0,0,0,0,0,0,0,0,0,0,1,2,0,0,0,0,0.36,0.22,1.75,1.65,1.53,1.85,0.0,0.04,0.0,0.03,0.0,0.02,0.0,0.01,0.0,0.0,0.0,0.01,1.37,3.03,0.0,0.0,0.09,0.13,8.7,1.3,0.0,0.4
201,0,0,1,1,1,1,0,0,0,0,0,0,0,0,0,0,0,0,0,2,0,0,0,0,0.33,0.21,1.41,1.38,1.46,1.74,0.0,0.03,0.0,0.02,0.0,0.02,0.0,0.01,0.0,0.0,0.0,0.01,0.96,2.12,0.0,0.0,0.06,0.09,4.6,1.2,0.0,0.0
202,0,0,1,1,1,1,0,0,0,0,0,0,0,0,0,0,0,0,1,2,0,0,0,0,0.27,0.17,1.08,1.08,1.13,1.36,0.0,0.02,0.0,0.01,0.0,0.01,0.0,0.04,0.0,0.0,0.0,0.01,1.14,2.06,0.0,0.0,0.04,0.08,1.7,1.8,0.1,3.6
203,0,0,0,0,0,1,0,0,0,0,0,0,0,0,0,0,0,0,1,1,0,0,0,0,0.22,0.14,0.85,0.87,0.85,1.05,0.0,0.01,0.0,0.54,0.0,0.01,0.0,0.05,0.0,0.0,0.0,0.01,1.09,1.8,0.0,0.0,0.08,0.09,1.4,1.8,0.1,2.4
204,0,0,0,0,0,0,0,0,0,0,0,0,0,0,0,0,0,0,0,1,0,0,0,0,0.2,0.11,0.67,0.69,0.6,0.76,0.0,0.47,0.0,0.42,0.0,0.01,0.0,0.51,0.0,0.0,0.0,0.36,0.77,1.27,0.0,0.0,0.06,0.07,0.8,1.7,2.8,0.1
205,0,0,0,0,0,0,0,0,0,0,0,0,0,0,0,0,0,0,0,0,0,0,0,0,0.14,0.09,0.52,0.55,0.42,0.54,0.0,0.55,0.0,0.36,0.0,0.01,0.0,0.37,0.0,0.0,0.0,0.26,0.54,0.89,0.0,0.0,0.04,0.05,0.5,0.9,0.1,0.0
206,0,0,0,0,0,0,0,0,0,0,0,0,0,0,0,0,0,0,0,0,0,0,0,0,0.11,0.14,0.57,0.81,0.3,0.38,0.0,0.62,0.0,0.35,0.0,0.04,0.0,0.26,0.0,0.0,0.0,0.18,0.38,0.62,0.0,0.0,0.03,0.03,2.4,1.3,0.0,0.0
207,0,0,0,1,0,0,0,0,0,0,0,0,0,0,0,0,0,0,0,0,0,0,0,0,0.1,0.18,0.99,1.04,0.21,0.27,0.0,0.58,0.0,0.27,0.0,0.08,0.0,0.18,0.0,0.0,0.0,0.13,0.26,0.44,0.0,0.0,0.02,0.02,3.9,0.7,0.0,0.0
208,0,0,0,0,0,0,0,0,0,0,0,0,0,0,0,0,0,0,0,0,0,0,0,0,0.18,0.15,0.89,0.88,0.14,0.19,0.0,0.64,0.0,0.21,0.0,0.1,0.0,0.13,0.0,0.0,0.0,0.09,0.19,0.31,0.0,0.0,0.01,0.02,1.6,1.0,0.0,0.0
209,0,0,0,0,0,0,0,0,0,0,0,0,0,0,0,0,0,0,0,0,0,0,0,0,0.25,0.15,0.92,0.87,0.1,0.13,0.0,0.8,0.0,0.16,0.0,0.1,0.0,0.09,0.0,0.0,0.0,0.06,0.13,0.21,0.0,0.0,0.01,0.01,2.4,1.3,0.0,0.0
210,0,0,1,1,0,1,0,0,0,0,0,0,0,0,0,0,0,0,0,0,0,0,0,0,0.34,0.13,1.98,1.49,0.07,1.14,0.0,0.56,0.0,0.4,0.0,0.22,0.0,0.06,0.0,0.0,0.0,0.05,0.09,0.15,0.0,0.0,0.01,0.01,11.5,1.5,0.0,0.0
211,0,0,1,1,0,1,0,0,0,0,0,0,0,0,0,0,0,0,0,0,0,0,0,0,0.3,0.1,1.76,1.39,0.17,1.1,0.0,0.39,0.0,0.9,0.0,0.16,0.0,0.04,0.0,0.0,0.0,0.03,0.06,0.1,0.0,0.0,0.0,0.01,4.1,2.1,0.0,0.0
212,0,0,1,1,0,0,0,0,0,0,0,0,0,0,0,0,0,0,0,0,0,0,0,0,0.25,0.08,1.48,1.26,0.23,1.0,0.0,0.27,0.0,0.63,0.0,0.11,0.0,0.03,0.0,0.0,0.0,0.02,0.04,0.07,0.0,0.0,0.0,0.0,3.1,3.0,0.0,0.0
213,0,0,1,1,0,1,0,0,0,0,0,0,0,0,0,0,0,0,0,0,0,0,0,0,0.25,0.09,1.61,1.53,0.62,1.35,0.0,0.19,0.0,0.44,0.0,0.08,0.0,0.02,0.0,0.0,0.0,0.02,0.71,0.74,0.0,0.0,0.08,0.08,8.1,1.6,0.0,5.1
214,0,0,1,1,0,1,0,0,0,0,0,0,0,0,0,0,0,0,1,1,0,0,0,0,0.26,0.1,1.51,1.56,0.99,1.59,0.0,0.13,0.0,0.31,0.0,0.05,0.0,0.02,0.0,0.0,0.0,0.01,1.57,1.52,0.0,0.0,0.13,0.12,7.3,1.9,0.0,7.4
215,0,0,1,1,1,1,0,0,0,0,0,0,0,0,0,0,0,0,2,1,0,0,0,0,0.27,0.12,1.31,1.43,1.21,1.69,0.0,0.09,0.0,0.22,0.0,0.04,0.0,0.01,0.0,0.0,0.0,0.01,2.03,1.91,0.0,0.0,0.18,0.13,6.1,1.3,0.0,6.3
216,0,0,1,1,1,1,0,0,0,0,0,0,0,0,0,0,0,0,2,2,0,0,0,0,0.33,0.17,1.16,1.31,1.65,1.99,0.0,0.07,0.0,0.15,0.0,0.03,0.0,0.01,0.0,0.0,0.0,0.01,2.97,2.45,0.0,0.0,0.12,0.12,7.9,1.0,0.0,9.0
217,0,0,0,1,1,2,0,0,0,0,0,0,0,0,0,0,0,0,2,3,0,0,0,0,0.35,0.18,0.81,1.23,1.96,2.14,0.0,0.05,0.0,0.11,0.0,0.02,0.0,0.01,0.0,0.0,0.0,0.0,2.08,3.51,0.0,0.0,0.09,0.13,6.9,0.5,0.0,6.1
218,0,0,0,1,2,2,0,0,0,0,0,0,0,0,0,0,0,0,1,3,0,0,0,0,0.38,0.19,0.57,1.19,2.22,2.23,0.0,0.03,0.0,0.07,0.0,0.01,0.0,0.0,0.0,0.0,0.0,0.0,1.46,3.92,0.0,0.0,0.06,0.14,7.0,1.1,0.0,5.0
219,0,0,0,1,2,2,0,0,0,0,0,0,0,0,0,0,0,0,1,3,0,0,0,0,0.36,0.16,0.4,1.11,2.09,2.05,0.0,0.02,0.0,0.05,0.0,0.01,0.0,0.0,0.0,0.01,0.0,0.0,1.02,3.83,0.0,0.0,0.04,0.15,4.7,1.2,0.0,3.8
220,0,0,0,0,1,1,0,0,0,0,0,0,0,0,0,0,0,0,1,2,0,0,0,0,0.27,0.12,0.32,0.86,1.57,1.55,0.0,0.02,0.0,0.04,0.0,0.01,0.0,0.02,0.0,0.01,0.0,0.0,1.29,3.19,0.0,0.0,0.11,0.15,1.3,1.6,0.1,4.0
221,0,0,0,0,1,1,0,0,0,0,0,0,0,0,0,0,0,0,1,2,0,0,0,0,0.19,0.08,0.23,0.6,1.1,1.09,0.0,0.01,0.0,0.47,0.0,0.0,0.0,0.04,0.0,0.0,0.0,0.01,1.32,2.63,0.0,0.0,0.17,0.15,0.0,1.5,0.1,3.2
222,0,0,0,0,0,0,0,0,0,0,0,0,0,0,0,0,0,0,1,2,0,0,0,0,0.13,0.06,0.16,0.42,0.77,0.76,0.0,0.01,0.0,0.82,0.0,0.0,0.0,0.59,0.0,0.0,0.0,0.56,1.09,2.03,0.0,0.0,0.18,0.14,0.0,1.6,3.7,1.5
223,0,0,0,0,0,0,0,0,0,0,0,0,0,0,0,0,0,0,0,1,0,0,0,0,0.09,0.04,0.16,0.33,0.54,0.55,0.0,0.25,0.0,0.68,0.0,0.0,0.0,0.42,0.0,0.0,0.0,0.41,0.76,1.42,0.0,0.0,0.13,0.1,0.4,1.2,0.1,0.0
224,0,0,0,0,0,0,0,0,0,0,0,0,0,0,0,0,0,0,0,0,0,0,0,0,0.08,0.06,0.28,0.55,0.38,0.39,0.0,0.94,0.0,0.81,0.0,0.04,0.0,0.29,0.0,0.0,0.0,0.29,0.53,0.99,0.0,0.0,0.09,0.07,1.8,3.8,0.0,0.0
225,0,0,0,0,0,0,0,0,0,0,0,0,0,0,0,0,0,0,0,0,0,0,0,0,0.08,0.07,0.52,0.74,0.26,0.27,0.0,0.85,0.0,0.67,0.0,0.11,0.0,0.21,0.0,0.0,0.0,0.21,0.37,0.69,0.0,0.0,0.06,0.05,2.4,1.3,0.0,0.0
226,0,0,0,0,0,0,0,0,0,0,0,0,0,0,0,0,0,0,0,0,0,0,0,0,0.32,0.06,0.83,0.65,0.18,0.19,0.0,0.8,0.0,0.52,0.0,0.12,0.0,0.14,0.0,0.0,0.0,0.14,0.26,0.49,0.0,0.0,0.04,0.03,3.0,1.0,0.0,0.0
227,0,0,1,0,0,0,0,0,0,0,0,0,0,0,0,0,0,0,0,0,0,0,0,0,0.38,0.06,1.01,0.62,0.13,0.13,0.0,0.87,0.0,0.41,0.0,0.12,0.0,0.1,0.0,0.0,0.0,0.1,0.18,0.34,0.0,0.0,0.03,0.02,2.5,1.3,0.0,0.0
228,0,0,1,0,0,0,0,1,0,0,0,0,0,0,0,0,0,0,0,0,0,0,0,0,0.48,0.05,1.74,0.84,0.09,0.09,0.0,1.12,0.0,0.32,0.0,0.1,0.0,0.07,0.0,0.0,0.0,0.07,0.16,0.26,0.0,0.0,0.02,0.03,5.5,1.8,0.0,0.2
229,0,0,1,0,0,0,0,0,0,0,0,0,0,0,0,0,0,0,0,0,0,0,0,0,0.43,0.04,1.68,0.91,0.15,0.47,0.0,0.78,0.0,0.53,0.0,0.07,0.0,0.05,0.0,0.0,0.0,0.05,0.76,0.85,0.0,0.0,0.02,0.09,4.6,1.0,0.0,4.6
230,0,0,1,0,0,0,0,0,0,0,0,0,0,0,0,0,0,0,1,1,0,0,0,0,0.34,0.03,1.41,0.84,0.18,0.55,0.0,0.55,0.0,0.37,0.0,0.05,0.0,0.03,0.0,0.0,0.0,0.03,1.04,1.28,0.0,0.0,0.13,0.13,2.6,1.1,0.0,4.6
231,0,0,1,1,0,0,0,0,0,0,0,0,0,0,0,0,0,0,1,1,0,0,0,0,0.29,0.03,1.51,1.07,0.42,0.93,0.0,0.38,0.0,0.26,0.0,0.03,0.0,0.02,0.0,0.0,0.0,0.02,1.19,1.48,0.0,0.0,0.18,0.14,6.4,1.3,0.0,3.9
232,0,0,1,1,0,1,0,0,0,0,0,0,0,0,0,0,0,0,1,1,0,0,0,0,0.25,0.03,1.52,1.27,0.72,1.16,0.0,0.27,0.0,0.18,0.0,0.02,0.0,0.02,0.0,0.0,0.0,0.02,1.67,1.9,0.0,0.0,0.18,0.14,6.6,1.7,0.0,6.0
233,0,0,1,1,1,1,0,0,0,0,0,0,0,0,0,0,0,0,1,2,0,0,0,0,0.22,0.03,1.61,1.53,1.07,1.44,0.0,0.19,0.0,0.13,0.0,0.02,0.0,0.01,0.0,0.0,0.0,0.01,1.89,2.12,0.0,0.0,0.19,0.13,8.1,1.2,0.0,5.4
234,0,0,1,1,1,1,0,0,0,0,0,0,0,0,0,0,0,0,2,2,0,0,0,0,0.22,0.05,1.13,1.42,1.18,1.5,0.0,0.13,0.0,0.09,0.0,0.01,0.0,0.01,0.0,0.0,0.0,0.01,2.21,2.3,0.0,0.0,0.18,0.1,4.6,0.3,0.0,5.9
235,0,0,0,1,1,1,0,0,0,0,0,0,0,0,0,0,0,0,2,2,0,0,0,0,0.23,0.08,0.79,1.65,1.79,1.96,0.0,0.09,0.0,0.06,0.0,0.01,0.0,0.01,0.0,0.0,0.0,0.01,2.66,2.47,0.0,0.0,0.17,0.08,8.8,1.0,0.0,6.7
236,0,0,0,1,1,2,0,0,0,0,0,0,0,0,0,0,0,0,2,2,0,0,0,0,0.23,0.11,0.55,1.46,1.93,2.03,0.0,0.06,0.0,0.04,0.0,0.01,0.0,0.0,0.0,0.0,0.0,0.0,3.07,2.46,0.0,0.0,0.12,0.06,5.9,0.7,0.0,6.5
237,0,0,0,1,1,2,0,0,0,0,0,0,0,0,0,0,0,0,2,3,0,0,0,0,0.16,0.21,0.39,1.68,1.35,3.0,0.0,0.05,0.0,0.03,0.0,0.0,0.0,0.0,0.0,0.0,0.0,0.0,2.15,4.6,0.0,0.0,0.08,0.05,7.9,1.2,0.0,9.6
238,0,0,0,1,0,3,0,0,0,0,0,0,0,0,0,0,0,0,1,3,0,0,0,0,0.11,0.35,0.27,1.18,0.95,3.68,0.0,0.03,0.0,0.02,0.0,0.0,0.0,0.0,0.0,0.0,0.0,0.0,1.5,4.64,0.0,0.0,0.06,0.32,5.9,0.3,0.0,5.7
239,0,0,0,0,1,2,0,0,0,0,0,0,0,0,0,0,0,0,1,3,0,0,0,0,0.19,0.32,0.19,1.0,1.29,3.18,0.0,0.02,0.0,0.01,0.0,0.0,0.0,0.0,0.0,0.0,0.0,0.0,1.05,3.8,0.0,0.0,0.04,0.31,5.3,1.0,0.1,2.1
240,0,0,0,0,1,2,0,0,0,0,0,0,0,0,0,0,0,0,0,3,0,0,0,0,0.2,0.26,0.19,0.78,1.15,2.49,0.0,0.02,0.0,0.01,0.0,0.0,0.0,0.0,0.0,0.0,0.0,0.03,0.74,3.71,0.0,0.0,0.03,0.24,2.6,1.4,0.1,3.6
241,0,0,0,0,0,1,0,0,0,0,0,0,0,0,0,0,0,0,1,2,0,0,0,0,0.17,0.2,0.19,0.62,0.92,1.88,0.0,0.01,0.0,0.43,0.0,0.0,0.0,0.04,0.0,0.0,0.0,0.03,1.02,2.93,0.0,0.0,0.09,0.18,1.4,1.4,0.2,3.1
242,0,0,0,0,0,1,0,0,0,0,0,0,0,0,0,0,0,0,0,2,0,0,0,0,0.12,0.14,0.13,0.43,0.64,1.32,0.0,0.01,0.0,0.8,0.0,0.0,0.0,0.32,0.0,0.0,0.0,0.26,0.85,2.18,0.0,0.0,0.09,0.14,0.0,1.7,1.8,1.0
243,0,0,0,0,0,0,0,0,0,0,0,0,0,0,0,0,0,0,0,1,0,0,0,0,0.08,0.1,0.1,0.31,0.45,0.93,0.0,0.27,0.0,0.69,0.0,0.01,0.0,0.42,0.0,0.0,0.0,0.36,0.6,1.53,0.0,0.0,0.07,0.09,0.1,1.3,1.2,0.0
244,0,0,0,0,0,0,0,0,0,0,0,0,0,0,0,0,0,0,0,1,0,0,0,0,0.06,0.08,0.14,0.37,0.32,0.72,0.0,0.38,0.0,0.62,0.0,0.05,0.0,0.3,0.0,0.0,0.0,0.27,0.42,1.07,0.0,0.0,0.05,0.07,1.1,1.3,0.1,0.0
245,0,0,0,0,0,0,0,0,0,0,0,0,0,0,0,0,0,0,0,0,0,0,0,0,0.05,0.09,0.38,0.87,0.22,0.51,0.0,0.4,0.0,0.49,0.0,0.08,0.0,0.21,0.0,0.0,0.0,0.19,0.29,0.75,0.0,0.0,0.03,0.05,3.1,0.8,0.0,0.0
246,0,0,1,1,0,0,0,0,0,0,0,0,0,0,0,0,0,0,0,0,0,0,0,0,0.06,0.08,1.02,1.0,0.16,0.35,0.0,0.49,0.0,0.39,0.0,0.09,0.0,0.15,0.0,0.0,0.0,0.13,0.2,0.52,0.0,0.0,0.02,0.03,4.0,1.0,0.0,0.0
247,0,0,1,0,0,0,0,0,0,0,0,0,0,0,0,0,0,0,0,0,0,0,0,0,0.17,0.07,1.15,0.96,0.11,0.56,0.0,0.58,0.0,0.31,0.0,0.08,0.0,0.1,0.0,0.0,0.0,0.09,0.14,0.37,0.0,0.0,0.02,0.02,3.8,1.0,0.0,0.0
248,0,0,1,0,0,0,0,0,0,0,0,0,0,0,0,0,0,0,0,0,0,0,0,0,0.17,0.05,1.18,0.91,0.15,0.72,0.0,0.41,0.0,0.51,0.0,0.05,0.0,0.07,0.0,0.0,0.0,0.07,0.14,0.3,0.0,0.0,0.01,0.02,3.6,1.0,0.0,0.3
249,0,0,1,0,0,0,0,0,0,0,0,0,0,0,0,0,0,0,0,0,0,0,0,0,0.15,0.04,1.14,0.88,0.23,0.81,0.0,0.29,0.0,0.65,0.0,0.04,0.0,0.05,0.0,0.0,0.0,0.05,0.59,0.94,0.0,0.0,0.01,0.06,3.4,1.0,0.0,4.2
250,0,0,1,0,0,0,0,0,0,0,0,0,0,0,0,0,0,0,1,1,0,0,0,0,0.13,0.03,1.03,0.85,0.34,0.81,0.0,0.2,0.0,0.83,0.0,0.03,0.0,0.06,0.0,0.0,0.0,0.07,1.25,1.55,0.0,0.0,0.02,0.06,3.1,1.2,0.2,5.9
251,0,0,1,1,0,1,0,0,0,0,0,0,0,0,0,0,0,0,1,1,0,0,0,0,0.12,0.03,1.33,1.26,0.87,1.14,0.0,0.14,0.0,0.58,0.0,0.02,0.0,0.81,0.0,0.0,0.0,0.9,1.58,1.84,0.0,0.0,0.07,0.07,8.4,1.1,5.4,5.1
252,0,0,1,1,1,1,0,0,0,0,0,0,0,0,0,0,0,0,2,2,0,0,0,0,0.13,0.03,1.43,1.55,1.36,1.39,0.0,0.1,0.0,0.4,0.0,0.01,0.0,0.95,0.0,0.0,0.0,0.99,2.25,2.23,0.0,0.0,0.09,0.06,8.5,0.9,2.5,7.1
253,0,0,1,1,1,1,0,0,0,0,0,0,0,0,0,0,0,0,2,2,0,0,0,0,0.15,0.04,1.51,1.79,1.84,1.63,0.0,0.07,0.0,0.28,0.0,0.01,0.0,0.66,0.0,0.0,0.0,0.69,2.45,2.38,0.0,0.0,0.12,0.05,9.5,1.2,0.0,5.9
254,0,0,1,1,2,1,0,0,0,0,0,0,0,0,0,0,0,0,2,2,0,0,0,0,0.22,0.07,1.44,1.78,2.27,1.95,0.0,0.05,0.0,0.2,0.0,0.01,0.0,0.46,0.0,0.0,0.0,0.49,2.57,2.4,0.0,0.0,0.14,0.05,9.5,1.3,0.0,5.5
255,0,0,1,1,2,2,0,0,0,0,0,0,0,0,0,0,0,0,2,2,0,0,0,0,0.34,0.16,1.01,1.25,2.6,2.29,0.0,0.03,0.0,0.14,0.0,0.0,0.0,0.33,0.0,0.0,0.0,0.34,2.88,2.42,0.0,0.0,0.15,0.04,7.4,0.5,0.0,6.3
256,0,0,0,0,2,2,0,0,0,0,0,0,0,0,0,0,0,0,2,2,0,0,0,0,0.41,0.22,0.71,0.87,3.04,2.59,0.0,0.02,0.0,0.1,0.0,0.0,0.0,0.23,0.0,0.0,0.0,0.24,2.83,2.26,0.0,0.0,0.16,0.03,8.3,1.2,0.0,4.8
257,0,0,0,0,2,2,0,0,0,0,0,0,0,0,0,0,0,0,2,2,0,0,0,0,0.4,0.24,0.49,0.61,2.73,2.34,0.0,0.02,0.0,0.07,0.0,0.0,0.0,0.16,0.0,0.0,0.0,0.17,3.08,2.21,0.0,0.0,0.11,0.03,4.5,0.5,0.0,5.7
258,0,0,0,0,2,2,0,0,0,0,0,0,0,0,0,0,0,0,2,2,0,0,0,0,0.41,0.26,0.35,0.43,2.64,2.29,0.0,0.01,0.0,0.05,0.0,0.0,0.0,0.11,0.0,0.01,0.0,0.12,2.99,2.04,0.0,0.0,0.08,0.02,5.3,1.1,0.0,4.5
259,0,0,0,0,2,2,0,0,0,0,0,0,0,0,0,0,0,0,2,1,0,0,0,0,0.43,0.27,0.24,0.3,2.65,2.33,0.0,0.01,0.0,0.03,0.0,0.0,0.0,0.08,0.0,0.03,0.0,0.08,2.8,1.87,0.0,0.0,0.05,0.02,5.9,1.2,0.1,3.9
260,0,0,0,0,2,1,0,0,0,0,0,0,0,0,0,0,0,0,2,1,0,0,0,0,0.35,0.21,0.26,0.34,2.14,1.9,0.0,0.01,0.0,0.02,0.0,0.0,0.0,0.11,0.0,0.02,0.0,0.06,2.56,1.73,0.0,0.0,0.04,0.03,2.8,1.6,0.2,3.5
261,0,0,0,0,1,1,0,0,0,0,0,0,0,0,0,0,0,0,2,1,0,0,0,0,0.26,0.16,0.25,0.32,1.59,1.45,0.0,0.0,0.0,0.02,0.0,0.0,0.0,0.1,0.0,0.02,0.0,0.05,2.18,1.5,0.0,0.0,0.11,0.04,1.3,1.5,0.1,2.5
262,0,0,0,0,1,1,0,0,0,0,0,0,0,0,0,0,0,0,1,1,0,0,0,0,0.19,0.11,0.21,0.27,1.13,1.05,0.0,0.0,0.0,0.5,0.0,0.0,0.0,0.55,0.0,0.01,0.0,0.47,1.67,1.2,0.0,0.0,0.13,0.04,0.5,1.6,3.0,1.2
263,0,0,0,0,0,0,0,0,0,0,0,0,0,0,0,0,0,0,1,0,0,0,0,0,0.14,0.08,0.19,0.23,0.83,0.77,0.0,0.32,0.0,0.42,0.0,0.0,0.0,0.47,0.0,0.01,0.0,0.45,1.17,0.84,0.0,0.0,0.09,0.03,0.5,1.3,0.7,0.0
264,0,0,0,0,0,0,0,0,0,0,0,0,0,0,0,0,0,0,0,0,0,0,0,0,0.1,0.06,0.5,0.38,0.58,0.54,0.0,0.4,0.0,0.37,0.0,0.01,0.0,0.33,0.0,0.01,0.0,0.32,0.82,0.59,0.0,0.0,0.06,0.02,2.0,0.9,0.0,0.0
265,0,0,0,0,0,0,0,0,0,0,0,0,0,0,0,0,0,0,0,0,0,0,0,0,0.1,0.05,0.85,0.45,0.4,0.38,0.0,0.42,0.0,0.3,0.0,0.02,0.0,0.23,0.0,0.0,0.0,0.23,0.57,0.41,0.0,0.0,0.04,0.01,2.4,0.7,0.0,0.0
266,0,0,0,0,0,0,0,0,0,0,0,0,0,0,0,0,0,0,0,0,0,0,0,0,0.21,0.04,1.0,0.48,0.28,0.26,0.0,0.53,0.0,0.26,0.0,0.03,0.0,0.16,0.0,0.0,0.0,0.16,0.4,0.29,0.0,0.0,0.03,0.01,2.3,1.0,0.0,0.0
267,0,0,1,0,0,0,0,0,0,0,0,0,0,0,0,0,0,0,0,0,0,0,0,0,0.28,0.04,1.27,0.57,0.2,0.18,0.0,0.7,0.0,0.22,0.0,0.03,0.0,0.12,0.0,0.0,0.0,0.11,0.28,0.2,0.0,0.0,0.02,0.01,3.1,1.3,0.0,0.0
268,0,0,1,0,0,0,0,0,0,0,0,0,0,0,0,0,0,0,0,0,0,0,0,0,0.26,0.03,1.41,0.57,0.14,0.68,0.0,0.49,0.0,0.41,0.0,0.02,0.0,0.08,0.0,0.0,0.0,0.08,0.56,0.7,0.0,0.0,0.02,0.05,4.4,0.9,0.0,3.2
269,0,0,1,0,0,0,0,0,0,0,0,0,0,0,0,0,0,0,0,1,0,0,0,0,0.2,0.02,1.29,0.54,0.23,0.78,0.0,0.35,0.0,0.67,0.0,0.01,0.0,0.07,0.0,0.0,0.0,0.07,0.83,1.42,0.0,0.0,0.01,0.08,3.0,1.3,0.1,4.7
270,0,0,1,0,0,0,0,0,0,0,0,0,0,0,0,0,0,0,1,1,0,0,0,0,0.17,0.01,1.24,0.59,0.36,0.85,0.0,0.24,0.0,0.84,0.0,0.01,0.0,0.22,0.0,0.0,0.0,0.3,1.49,1.81,0.0,0.0,0.1,0.08,3.6,1.2,1.4,6.1
271,0,0,1,0,0,1,0,0,0,0,0,0,0,1,0,0,0,1,1,1,0,0,0,0,0.14,0.01,1.49,0.79,0.71,1.14,0.0,0.17,0.0,0.59,0.0,0.01,0.0,1.04,0.0,0.0,0.0,1.2,1.71,1.93,0.0,0.0,0.17,0.09,6.8,1.1,6.3,4.9
272,0,0,1,0,0,1,0,0,0,0,0,0,0,0,0,0,0,0,2,2,0,0,0,0,0.12,0.01,1.37,0.86,0.75,1.11,0.0,0.12,0.0,0.41,0.0,0.0,0.0,0.73,0.0,0.0,0.0,0.84,2.3,2.27,0.0,0.0,0.2,0.09,4.1,1.1,0.0,7.1
273,0,0,1,1,1,1,0,0,0,0,0,0,0,0,0,0,0,0,2,2,0,0,0,0,0.12,0.01,1.59,1.21,1.12,1.32,0.0,0.08,0.0,0.29,0.0,0.0,0.0,0.51,0.0,0.0,0.0,0.59,2.29,2.24,0.0,0.0,0.22,0.08,8.0,1.4,0.0,4.7
274,0,0,1,1,1,1,0,0,0,0,0,0,0,0,0,0,0,0,2,2,0,0,0,0,0.12,0.01,1.54,1.34,1.23,1.39,0.0,0.06,0.0,0.2,0.0,0.0,0.0,0.36,0.0,0.0,0.0,0.41,2.49,2.26,0.0,0.0,0.23,0.06,6.2,0.6,0.0,5.5
275,0,0,1,1,1,1,0,0,0,0,0,0,0,0,0,0,0,0,2,2,0,0,0,0,0.13,0.02,1.46,1.41,1.38,1.47,0.0,0.04,0.0,0.14,0.0,0.0,0.0,0.25,0.0,0.0,0.0,0.29,2.94,2.32,0.0,0.0,0.23,0.05,6.4,0.7,0.0,6.7
276,0,0,1,1,1,1,0,0,0,0,0,0,0,0,0,0,0,0,3,2,0,0,0,0,0.17,0.05,1.24,1.28,1.55,1.57,0.0,0.03,0.0,0.1,0.0,0.0,0.0,0.18,0.0,0.0,0.0,0.2,3.79,2.42,0.0,0.0,0.23,0.04,5.8,1.0,0.0,8.7
277,0,0,1,0,1,1,0,0,0,0,0,0,0,0,0,0,0,0,3,2,0,0,0,0,0.23,0.1,1.07,0.89,1.8,1.72,0.0,0.02,0.0,0.07,0.0,0.0,0.0,0.12,0.0,0.0,0.0,0.14,3.69,2.31,0.0,0.0,0.16,0.03,5.7,1.2,0.0,5.5
278,0,0,0,0,1,1,0,0,0,0,0,0,0,0,0,0,0,0,3,2,0,0,0,0,0.25,0.12,0.75,0.63,1.72,1.63,0.0,0.01,0.0,0.05,0.0,0.0,0.0,0.09,0.0,0.0,0.0,0.1,3.8,2.28,0.0,0.0,0.11,0.03,3.5,0.2,0.0,6.3
279,0,0,0,0,2,1,0,0,0,0,0,0,0,0,0,0,0,0,2,2,0,0,0,0,0.33,0.17,0.53,0.44,2.14,1.86,0.0,0.01,0.0,0.03,0.0,0.0,0.0,0.06,0.0,0.01,0.0,0.07,2.66,2.63,0.0,0.0,0.08,0.13,6.3,1.2,0.0,3.8
280,0,0,0,0,2,1,0,0,0,0,0,0,0,0,0,0,0,0,1,2,0,0,0,0,0.35,0.17,0.37,0.31,2.24,1.85,0.0,0.01,0.0,0.02,0.0,0.0,0.0,0.04,0.0,0.01,0.0,0.05,1.86,2.74,0.0,0.0,0.05,0.19,4.9,1.0,0.0,3.4
281,0,0,0,0,1,1,0,0,0,0,0,0,0,0,0,0,0,0,1,2,0,0,0,0,0.29,0.13,0.37,0.4,1.91,1.55,0.0,0.0,0.0,0.02,0.0,0.0,0.0,0.03,0.0,0.03,0.0,0.03,1.82,2.25,0.0,0.0,0.04,0.14,3.2,1.6,0.1,2.9
282,0,0,0,0,1,1,0,0,0,0,0,0,0,0,0,0,0,0,1,1,0,0,0,0,0.22,0.1,0.37,0.45,1.51,1.24,0.0,0.0,0.0,0.01,0.0,0.0,0.0,0.04,0.0,0.02,0.0,0.03,1.37,1.65,0.0,0.0,0.04,0.1,2.1,1.4,0.1,0.6
283,0,0,0,0,1,0,0,0,0,0,0,0,0,0,0,0,0,0,0,1,0,0,0,0,0.16,0.07,0.32,0.38,1.1,0.93,0.0,0.0,0.0,0.52,0.0,0.0,0.0,0.05,0.0,0.02,0.0,0.05,0.96,1.15,0.0,0.0,0.03,0.07,0.8,1.7,0.2,0.0
284,0,0,0,0,0,0,0,0,0,0,0,0,0,0,0,0,0,0,0,0,0,0,0,0,0.13,0.05,0.32,0.32,0.86,0.74,0.0,0.0,0.0,0.84,0.0,0.0,0.0,0.34,0.0,0.01,0.0,0.48,0.67,0.81,0.0,0.0,0.02,0.05,1.2,1.6,2.5,0.0
285,0,0,0,0,0,0,0,0,0,0,0,0,0,0,0,0,0,0,0,0,0,0,0,0,0.1,0.04,0.79,0.4,0.6,0.52,0.0,0.14,0.0,0.7,0.0,0.01,0.0,0.24,0.0,0.01,0.0,0.34,0.47,0.57,0.0,0.0,0.01,0.04,2.5,0.8,0.0,0.0
286,0,0,1,0,0,0,0,0,0,0,0,0,0,0,0,0,0,0,0,0,0,0,0,0,0.13,0.03,1.44,0.46,0.42,0.36,0.0,0.22,0.0,0.58,0.0,0.02,0.0,0.17,0.0,0.01,0.0,0.24,0.33,0.4,0.0,0.0,0.01,0.02,3.8,0.7,0.0,0.0
287,0,0,1,0,0,0,0,0,0,0,0,0,0,0,0,0,0,0,0,0,0,0,0,0,0.2,0.02,1.42,0.4,0.3,0.25,0.0,0.35,0.0,0.5,0.0,0.02,0.0,0.12,0.0,0.0,0.0,0.17,0.23,0.28,0.0,0.0,0.01,0.02,2.0,1.0,0.0,0.0
288,0,0,1,0,0,0,0,0,0,0,0,0,0,0,0,0,0,0,0,0,0,0,0,0,0.24,0.02,1.71,0.43,0.21,0.18,0.0,0.24,0.0,0.68,0.0,0.01,0.0,0.13,0.0,0.0,0.0,0.16,0.16,0.19,0.0,0.0,0.01,0.01,3.3,1.1,0.3,0.0
289,0,0,1,0,0,0,0,0,0,0,0,0,0,0,0,0,0,0,0,0,0,0,0,0,0.21,0.01,1.7,0.42,0.33,0.6,0.0,0.17,0.0,0.99,0.0,0.01,0.0,0.36,0.0,0.0,0.0,0.43,0.11,0.14,0.0,0.0,0.0,0.01,4.4,1.7,2.0,0.0
290,0,0,1,0,0,0,0,0,0,1,0,0,0,0,0,0,0,0,0,0,0,0,0,0,0.16,0.01,1.5,0.42,0.42,0.65,0.0,0.12,0.0,1.38,0.0,0.01,0.0,0.31,0.0,0.0,0.0,0.38,0.08,0.1,0.0,0.0,0.0,0.01,2.9,2.3,0.5,0.0
291,0,0,1,0,0,0,0,0,0,0,0,0,0,0,0,0,0,0,0,0,0,0,0,0,0.13,0.01,1.38,0.51,0.57,0.67,0.0,0.08,0.0,0.97,0.0,0.0,0.0,0.39,0.0,0.0,0.0,0.53,0.15,0.14,0.0,0.0,0.03,0.02,3.5,1.8,1.5,0.7
292,0,0,1,0,0,0,0,0,0,0,0,0,0,0,0,0,0,0,0,0,0,0,0,0,0.11,0.0,1.27,0.64,0.71,0.65,0.0,0.06,0.0,0.68,0.0,0.0,0.0,0.28,0.0,0.0,0.0,0.37,0.72,0.47,0.0,0.0,0.17,0.05,3.7,1.4,0.0,3.9
293,0,0,1,0,0,0,0,0,0,0,0,0,0,0,0,0,0,0,1,0,0,0,0,0,0.09,0.0,1.17,0.81,0.86,0.67,0.0,0.04,0.0,0.47,0.0,0.0,0.0,0.19,0.0,0.0,0.0,0.26,1.29,0.67,0.0,0.0,0.29,0.07,4.1,1.3,0.0,4.4
294,0,0,1,1,1,0,0,0,0,0,0,0,0,0,0,0,0,0,1,0,0,0,0,0,0.1,0.01,1.21,1.11,1.18,0.84,0.0,0.03,0.0,0.33,0.0,0.0,0.0,0.13,0.0,0.0,0.0,0.18,1.77,0.8,0.0,0.0,0.42,0.08,6.4,1.0,0.0,4.8
295,0,0,1,1,1,1,0,0,0,0,0,0,0,0,0,0,0,0,2,0,0,0,0,0,0.15,0.02,1.16,1.26,1.6,1.08,0.0,0.02,0.0,0.23,0.0,0.0,0.0,0.09,0.0,0.0,0.0,0.13,2.59,0.89,0.0,0.0,0.56,0.09,7.2,0.7,0.0,6.7
296,0,0,1,0,2,1,0,0,0,0,0,0,0,0,0,0,0,0,1,1,0,0,0,0,0.25,0.07,1.05,0.88,2.07,1.42,0.0,0.01,0.0,0.16,0.0,0.0,0.0,0.07,0.0,0.0,0.0,0.09,1.81,1.68,0.0,0.0,0.39,0.25,6.8,0.6,0.0,4.1
297,0,0,0,0,1,1,0,0,0,0,0,0,0,0,0,0,0,0,1,2,0,0,0,0,0.31,0.12,0.73,0.62,1.99,1.4,0.0,0.01,0.0,0.11,0.0,0.0,0.0,0.05,0.0,0.0,0.0,0.06,1.27,3.14,0.0,0.0,0.28,0.64,3.8,0.7,0.0,8.1
298,0,0,0,0,2,1,0,0,0,0,0,0,0,0,0,0,0,0,0,2,0,0,0,1,0.41,0.18,0.51,0.43,2.22,1.55,0.0,0.01,0.0,0.08,0.0,0.0,0.0,0.03,0.0,0.0,0.0,0.04,0.89,2.49,0.0,0.0,0.19,1.75,5.6,0.3,0.0,5.3
299,0,0,0,0,2,1,0,0,0,0,0,0,0,0,0,0,0,0,0,2,0,0,0,2,0.52,0.24,0.36,0.3,2.31,1.61,0.0,0.0,0.0,0.06,0.0,0.0,0.0,0.02,0.0,0.01,0.0,0.03,0.62,2.26,0.0,0.0,0.13,2.45,5.4,0.9,0.0,5.8
300,0,0,0,0,2,1,0,0,0,0,0,0,0,0,0,0,0,0,0,1,0,0,0,2,0.57,0.24,0.25,0.21,2.45,1.64,0.0,0.0,0.0,0.04,0.0,0.0,0.0,0.02,0.0,0.25,0.0,0.02,0.44,1.88,0.0,0.0,0.09,2.73,5.4,1.1,0.8,4.4
301,0,0,0,0,2,1,0,0,0,0,0,0,0,0,0,0,0,0,0,2,0,0,0,2,0.46,0.18,0.24,0.15,2.02,1.36,0.0,0.0,0.0,0.03,0.0,0.0,0.0,0.29,0.0,0.18,0.0,0.01,0.31,2.18,0.0,0.0,0.07,2.33,2.1,1.3,1.0,4.3
302,0,0,0,0,1,1,0,0,0,0,0,0,0,0,0,0,0,0,0,1,0,0,0,1,0.33,0.12,0.23,0.2,1.5,1.02,0.0,0.0,0.0,0.49,0.0,0.0,0.0,0.38,0.0,0.13,0.0,0.13,0.51,1.64,0.0,0.0,0.23,1.67,1.1,1.6,1.0,2.1
303,0,0,0,0,1,0,0,0,0,0,0,0,0,0,0,0,0,0,0,1,0,0,0,1,0.24,0.09,0.19,0.17,1.09,0.74,0.0,0.0,0.0,0.48,0.0,0.0,0.0,0.4,0.0,0.09,0.0,0.25,0.47,1.2,0.0,0.0,0.21,1.18,0.5,0.5,1.0,0.8
304,0,0,0,0,0,0,0,0,0,0,0,0,0,0,0,0,0,0,0,0,0,0,0,0,0.17,0.06,0.2,0.15,0.82,0.59,0.0,0.05,0.0,0.39,0.0,0.0,0.0,0.45,0.0,0.06,0.0,0.34,0.33,0.85,0.0,0.0,0.16,0.83,0.8,0.4,1.1,0.1
305,0,0,0,0,0,0,0,0,0,0,0,0,0,0,0,0,0,0,0,0,0,0,0,0,0.12,0.05,0.59,0.45,0.58,0.41,0.0,0.18,0.0,0.51,0.0,0.06,0.0,0.4,0.0,0.04,0.0,0.46,0.24,0.6,0.0,0.0,0.11,0.58,2.7,1.5,1.0,0.0
306,0,0,0,0,0,0,0,0,0,0,0,0,0,0,0,0,0,0,0,0,0,0,0,0,0.09,0.03,0.98,0.37,0.4,0.29,0.0,0.34,0.0,0.74,0.0,0.16,0.0,0.35,0.0,0.03,0.0,0.47,0.17,0.42,0.0,0.0,0.08,0.41,2.1,2.4,0.8,0.0
307,0,0,1,0,0,0,0,0,0,0,0,0,0,0,0,0,0,0,0,0,0,0,0,0,0.17,0.02,1.03,0.3,0.28,0.2,0.0,0.48,0.0,0.84,0.0,0.11,0.0,0.25,0.0,0.02,0.0,0.34,0.12,0.29,0.0,0.0,0.06,0.29,1.6,1.9,0.1,0.0
308,0,0,1,0,0,0,0,0,0,1,0,0,0,0,0,0,0,0,0,0,0,0,0,0,0.25,0.02,1.19,0.27,0.2,0.14,0.0,0.34,0.0,1.13,0.0,0.08,0.0,0.18,0.0,0.02,0.0,0.24,0.08,0.21,0.0,0.0,0.04,0.2,2.2,1.8,0.0,0.0
309,0,0,1,0,0,0,0,0,0,1,0,0,0,0,0,0,0,0,0,0,0,0,0,0,0.26,0.01,1.44,0.27,0.14,0.8,0.0,0.24,0.0,1.31,0.0,0.05,0.0,0.13,0.0,0.01,0.0,0.17,0.06,0.14,0.0,0.0,0.03,0.14,4.9,1.7,0.0,0.0
310,0,0,1,0,0,1,0,0,0,1,0,0,0,0,0,0,0,0,0,0,0,0,0,0,0.22,0.01,1.5,0.28,0.4,1.03,0.0,0.17,0.0,1.63,0.0,0.04,0.0,0.09,0.0,0.01,0.0,0.12,0.04,0.1,0.0,0.0,0.02,0.1,4.7,2.4,0.0,0.0
311,0,0,1,0,0,1,0,0,0,1,0,0,0,0,0,0,0,0,0,0,0,0,0,0,0.19,0.01,1.36,0.31,0.37,1.01,0.0,0.12,0.0,1.87,0.0,0.03,0.0,0.06,0.0,0.01,0.0,0.08,0.07,0.1,0.0,0.0,0.02,0.07,2.8,2.4,0.0,0.3
312,0,0,1,0,0,1,0,0,0,1,0,0,0,0,0,0,0,0,0,0,0,0,0,0,0.16,0.0,1.41,0.4,0.43,1.13,0.0,0.08,0.0,1.69,0.0,0.02,0.0,0.04,0.0,0.0,0.0,0.06,0.87,0.53,0.0,0.0,0.17,0.07,4.2,1.3,0.0,4.8
313,0,0,1,0,0,0,0,0,0,1,0,0,0,0,0,0,0,0,1,0,0,0,0,0,0.13,0.0,1.18,0.42,0.37,0.97,0.0,0.06,0.0,1.58,0.0,0.01,0.0,0.46,0.0,0.0,0.0,0.59,1.79,0.83,0.0,0.0,0.28,0.07,2.0,1.3,3.2,6.1
314,0,0,1,0,0,0,0,0,0,1,0,0,0,1,0,0,0,1,2,0,0,0,0,0,0.12,0.01,1.08,0.56,0.38,0.94,0.0,0.04,0.0,1.37,0.0,0.01,0.0,1.02,0.0,0.0,0.0,1.18,2.86,0.98,0.0,0.0,0.32,0.06,3.1,0.9,4.9,7.1
315,0,0,0,0,0,0,0,0,0,0,0,0,0,0,0,0,0,0,3,1,0,0,0,0,0.12,0.01,0.99,0.68,0.45,0.94,0.0,0.03,0.0,0.96,0.0,0.01,0.0,0.74,0.0,0.0,0.0,0.85,3.53,1.03,0.0,0.0,0.35,0.05,3.4,1.6,0.2,6.7
316,0,0,0,0,0,0,0,0,0,0,0,0,0,0,0,0,0,0,3,0,0,0,0,0,0.09,0.01,0.74,0.54,0.37,0.73,0.0,0.02,0.0,0.67,0.0,0.0,0.0,0.52,0.0,0.0,0.0,0.59,4.7,1.0,0.0,0.0,0.48,0.04,0.9,0.9,0.0,9.1
317,0,0,0,0,0,1,0,0,0,0,0,0,0,0,0,0,0,0,3,0,0,0,0,0,0.13,0.03,0.89,0.84,0.87,1.07,0.0,0.01,0.0,0.47,0.0,0.0,0.0,0.36,0.0,0.0,0.0,0.41,5.44,0.96,0.0,0.0,0.34,0.05,7.0,0.8,0.0,8.1
318,0,0,0,0,1,1,0,0,0,0,0,0,0,0,0,0,0,0,3,2,0,0,0,0,0.19,0.06,0.84,0.86,1.23,1.32,0.0,0.01,0.0,0.33,0.0,0.0,0.0,0.25,0.0,0.0,0.0,0.29,3.81,2.91,0.0,0.0,0.23,0.32,6.0,0.5,0.0,8.4
319,0,0,1,0,2,1,0,0,0,0,0,0,0,0,0,0,0,0,2,2,0,0,0,1,0.29,0.1,1.12,0.6,2.43,1.89,0.0,0.01,0.0,0.23,0.0,0.0,0.0,0.18,0.0,0.0,0.0,0.2,2.67,2.36,0.0,0.0,0.16,1.31,10.9,1.1,0.0,4.7
320,0,0,0,0,2,1,0,0,0,0,0,0,0,0,0,0,0,0,1,2,0,0,0,1,0.34,0.12,0.78,0.42,2.29,1.75,0.0,0.0,0.0,0.16,0.0,0.0,0.0,0.12,0.0,0.0,0.0,0.14,1.87,2.72,0.0,0.0,0.12,1.54,4.0,0.8,0.0,5.6
321,0,0,0,0,2,1,0,0,0,0,0,0,0,0,0,0,0,0,1,2,0,0,0,1,0.4,0.12,0.55,0.29,2.57,1.76,0.0,0.0,0.0,0.11,0.0,0.0,0.0,0.09,0.0,0.0,0.0,0.1,1.31,2.73,0.0,0.0,0.08,1.65,5.7,0.9,0.0,4.7
322,0,0,0,0,2,1,0,0,0,0,0,0,0,0,0,0,0,0,0,2,0,0,0,1,0.37,0.1,0.52,0.21,2.37,1.55,0.0,0.0,0.0,0.08,0.0,0.0,0.0,0.06,0.0,0.0,0.0,0.07,0.91,2.58,0.0,0.0,0.06,1.88,3.8,1.3,0.0,4.7
323,0,0,0,0,1,1,0,0,0,0,0,0,0,0,0,0,0,0,0,2,0,0,0,1,0.28,0.07,0.5,0.37,1.9,1.2,0.0,0.0,0.0,0.06,0.0,0.0,0.0,0.06,0.0,0.01,0.0,0.05,0.64,2.48,0.0,0.0,0.04,1.86,2.5,1.4,0.1,4.1
324,0,0,0,0,1,0,0,0,0,0,0,0,0,0,0,0,0,0,0,1,0,0,0,1,0.21,0.05,0.47,0.39,1.46,0.93,0.0,0.0,0.0,0.45,0.0,0.0,0.0,0.17,0.0,0.07,0.0,0.27,0.71,1.82,0.0,0.0,0.21,1.35,1.6,1.4,1.4,1.9
325,0,0,0,0,1,0,0,0,0,0,0,0,0,1,0,0,0,2,0,1,0,0,0,0,0.15,0.03,0.43,0.33,1.12,0.72,0.0,0.0,0.0,0.73,0.0,0.0,0.0,1.1,0.0,0.24,0.0,2.2,0.5,1.28,0.0,0.0,0.15,0.95,1.1,1.4,10.6,0.0
326,0,0,0,0,1,0,0,0,0,0,0,0,0,1,0,0,0,1,0,0,0,0,0,0,0.1,0.02,0.5,0.3,1.04,0.72,0.0,0.3,0.0,0.65,0.0,0.0,0.0,1.04,0.0,0.17,0.0,1.94,0.35,0.89,0.0,0.0,0.11,0.66,2.5,1.4,2.2,0.0
327,0,0,0,0,0,0,0,0,0,0,0,0,0,0,0,0,0,1,0,0,0,0,0,0,0.07,0.02,0.82,0.28,0.73,0.97,0.0,0.39,0.0,0.65,0.0,0.0,0.0,0.86,0.0,0.12,0.0,1.51,0.24,0.63,0.0,0.0,0.07,0.46,3.4,1.3,1.0,0.0
328,0,0,1,0,0,1,0,0,0,0,0,0,0,0,0,0,0,1,0,0,0,0,0,0,0.05,0.01,1.01,0.25,0.94,1.03,0.0,0.27,0.0,0.78,0.0,0.0,0.0,0.7,0.0,0.08,0.0,1.19,0.17,0.44,0.0,0.0,0.06,0.33,4.2,1.1,0.8,0.0
329,0,0,1,0,1,1,0,0,0,0,0,0,0,0,0,0,0,1,0,0,0,0,0,0,0.05,0.01,1.17,0.23,1.13,1.06,0.0,0.19,0.0,0.96,0.0,0.0,0.0,0.62,0.0,0.06,0.0,1.01,0.12,0.31,0.0,0.0,0.04,0.23,4.5,1.4,1.0,0.0
330,0,0,1,0,1,1,0,0,0,1,0,0,0,0,0,0,0,0,0,0,0,0,0,0,0.04,0.01,1.29,0.23,1.26,1.01,0.0,0.13,0.0,1.13,0.0,0.0,0.0,0.52,0.0,0.04,0.0,0.87,0.09,0.22,0.0,0.0,0.03,0.16,4.3,1.5,0.8,0.0
331,0,0,1,0,1,0,0,0,0,1,0,0,0,0,0,0,0,1,0,0,0,0,0,0,0.04,0.0,1.38,0.25,1.32,0.93,0.0,0.09,0.0,1.41,0.0,0.0,0.0,0.53,0.0,0.03,0.0,1.0,0.06,0.15,0.0,0.0,0.02,0.11,4.2,2.0,1.9,0.0
332,0,0,1,0,1,0,0,0,0,1,0,0,0,0,0,0,0,1,0,0,0,0,0,0,0.05,0.0,1.52,0.31,1.4,0.87,0.0,0.07,0.0,1.45,0.0,0.0,0.0,0.75,0.0,0.02,0.0,1.61,0.04,0.11,0.0,0.0,0.01,0.08,4.7,1.5,4.3,0.0
333,0,0,1,0,1,0,0,0,0,1,0,0,0,1,0,0,0,2,0,0,0,0,0,0,0.04,0.0,1.59,0.4,1.38,0.82,0.0,0.05,0.0,1.5,0.0,0.0,0.0,1.15,0.0,0.01,0.0,2.82,0.07,0.09,0.0,0.0,0.03,0.06,4.4,1.6,7.7,0.3
334,0,0,1,0,1,0,0,0,0,1,0,0,0,1,0,0,0,3,1,0,0,0,0,0,0.03,0.0,1.39,0.44,1.17,0.71,0.0,0.03,0.0,1.38,0.0,0.0,0.0,1.81,0.0,0.01,0.0,4.19,1.01,0.28,0.0,0.0,0.23,0.06,2.6,1.1,10.7,4.7
335,0,0,1,0,0,0,0,0,0,1,0,0,0,1,0,0,0,3,2,0,0,0,0,0,0.03,0.0,1.2,0.51,0.99,0.64,0.0,0.02,0.0,1.32,0.0,0.0,0.0,1.89,0.0,0.01,0.0,3.94,2.22,0.46,0.0,0.0,0.43,0.06,2.5,1.2,5.4,6.9
336,0,0,1,0,0,0,0,0,0,1,0,0,0,1,0,0,0,2,2,0,0,0,0,0,0.03,0.0,1.04,0.6,0.86,0.62,0.0,0.02,0.0,1.22,0.0,0.0,0.0,1.64,0.0,0.0,0.0,3.16,2.9,0.51,0.0,0.0,0.54,0.06,2.6,1.0,2.4,6.0
337,0,0,0,0,0,0,0,0,0,0,0,0,0,1,0,0,0,2,3,0,0,0,0,0,0.04,0.0,0.82,0.56,0.7,0.55,0.0,0.01,0.0,0.85,0.0,0.0,0.0,1.15,0.0,0.0,0.0,2.22,3.99,0.53,0.0,0.0,0.67,0.05,1.6,0.6,0.0,8.1
338,0,0,1,1,0,0,0,0,0,0,0,0,0,0,0,0,0,1,3,0,0,0,0,0,0.18,0.02,1.03,1.07,0.87,0.97,0.0,0.01,0.0,0.6,0.0,0.0,0.0,0.8,0.0,0.0,0.0,1.55,4.02,0.52,0.0,0.0,0.81,0.06,7.5,0.8,0.0,5.8
339,0,0,0,0,1,1,0,0,0,0,0,0,0,0,0,0,0,1,2,2,0,0,0,0,0.26,0.06,0.83,0.75,1.23,1.15,0.0,0.01,0.0,0.42,0.0,0.0,0.0,0.69,0.0,0.01,0.0,1.09,2.82,2.44,0.0,0.0,0.57,0.49,4.7,0.0,0.4,8.4
340,0,0,0,0,1,1,0,0,0,0,0,0,0,0,0,0,0,0,1,2,0,0,0,2,0.32,0.12,0.58,0.52,1.32,1.17,0.0,0.0,0.0,0.29,0.0,0.0,0.0,0.48,0.0,0.24,0.0,0.76,1.97,2.54,0.0,0.0,0.4,2.48,3.4,0.0,0.8,9.9
341,0,0,0,0,1,1,0,0,0,0,0,0,0,0,0,0,0,0,1,2,0,0,0,2,0.41,0.16,0.41,0.37,1.55,1.2,0.0,0.0,0.0,0.2,0.0,0.0,0.0,0.34,0.0,0.45,0.0,0.53,1.38,2.48,0.0,0.0,0.28,2.43,4.3,0.0,0.9,4.7
342,0,0,0,0,1,1,0,0,0,0,0,0,0,0,0,0,0,0,0,2,0,0,0,2,0.39,0.15,0.29,0.26,1.39,1.04,0.0,0.0,0.0,0.14,0.0,0.0,0.0,0.24,0.0,0.57,0.0,0.37,0.97,2.68,0.0,0.0,0.19,2.42,2.1,0.0,0.8,5.5
343,0,0,0,0,1,1,0,0,0,0,0,0,0,0,0,0,0,0,0,2,0,0,0,2,0.45,0.15,0.2,0.18,1.95,1.2,0.0,0.0,0.0,0.1,0.0,0.0,0.0,0.17,0.0,0.92,0.0,0.26,0.68,2.32,0.0,0.0,0.14,2.08,5.6,0.0,1.8,2.8
344,0,0,0,0,1,0,0,0,0,0,0,0,0,0,0,1,0,0,0,2,0,0,0,2,0.35,0.11,0.29,0.13,1.73,0.99,0.0,0.0,0.0,0.07,0.0,0.0,0.0,0.12,0.0,1.27,0.0,0.18,0.47,2.01,0.0,0.0,0.1,2.27,2.3,0.0,2.1,4.0
345,0,0,0,0,1,0,0,0,0,0,0,0,0,0,0,0,0,0,0,1,0,0,0,1,0.27,0.08,0.44,0.39,1.34,0.8,0.0,0.0,0.0,0.05,0.0,0.0,0.0,0.3,0.0,0.94,0.0,0.13,0.33,1.81,0.0,0.0,0.07,1.99,2.7,0.0,0.9,2.7
346,0,0,0,0,1,0,0,0,0,0,0,0,0,0,0,0,0,0,0,1,0,0,0,1,0.19,0.05,0.68,0.59,1.19,0.74,0.0,0.0,0.0,0.03,0.0,0.0,0.0,0.34,0.0,0.71,0.0,0.33,0.45,1.33,0.0,0.0,0.19,1.43,3.7,0.0,1.4,1.6
347,0,0,0,0,1,0,0,0,0,0,0,0,0,0,0,0,0,0,0,0,0,0,0,1,0.13,0.04,0.68,0.59,1.07,0.65,0.0,0.0,0.0,0.02,0.0,0.0,0.0,0.41,0.0,0.54,0.0,0.63,0.32,0.93,0.0,0.0,0.14,1.0,2.5,0.0,2.1,0.0
348,0,0,0,0,1,0,0,0,0,0,0,0,0,0,0,0,0,1,0,0,0,0,0,0,0.09,0.03,0.72,0.56,1.11,0.63,0.0,0.0,0.0,0.02,0.0,0.0,0.0,0.55,0.0,0.38,0.0,1.05,0.23,0.65,0.0,0.0,0.1,0.7,3.1,0.0,2.9,0.0
349,0,0,1,0,1,0,0,0,0,0,0,0,0,0,0,0,0,1,0,0,0,0,0,0,0.06,0.02,1.03,0.49,1.24,0.65,0.0,0.0,0.0,0.01,0.0,0.0,0.0,0.54,0.0,0.26,0.0,1.04,0.16,0.46,0.0,0.0,0.07,0.49,4.3,0.0,1.5,0.0
350,0,0,1,0,1,0,0,0,0,0,0,0,0,0,0,0,0,0,0,0,0,0,0,0,0.05,0.01,1.19,0.43,1.34,0.64,0.0,0.0,0.0,0.01,0.0,0.0,0.0,0.49,0.0,0.18,0.0,0.9,0.12,0.33,0.0,0.0,0.05,0.35,4.0,0.0,1.0,0.0
351,0,0,1,0,1,0,0,0,0,0,0,0,0,0,0,0,0,0,0,0,0,0,0,0,0.03,0.01,1.02,0.4,1.52,0.65,0.0,0.09,0.0,0.22,0.0,0.0,0.0,0.4,0.0,0.13,0.0,0.9,0.08,0.23,0.0,0.0,0.04,0.24,3.6,1.0,1.1,0.0
352,0,0,0,0,1,0,0,0,0,0,0,0,0,0,0,0,0,1,0,0,0,0,0,0,0.02,0.01,0.89,0.37,1.48,0.59,0.0,0.17,0.0,0.37,0.0,0.0,0.0,0.52,0.0,0.09,0.0,1.47,0.06,0.16,0.0,0.0,0.03,0.17,2.7,1.1,3.6,0.0
353,0,0,0,0,1,0,0,0,0,0,0,0,0,0,0,0,0,2,0,0,0,0,0,0,0.02,0.0,0.96,0.34,1.34,0.52,0.0,0.12,0.0,0.68,0.0,0.0,0.0,0.96,0.0,0.06,0.0,2.8,0.04,0.11,0.0,0.0,0.02,0.12,2.8,1.4,7.9,0.0
354,0,0,1,0,1,0,0,0,0,0,0,0,0,1,0,0,0,3,0,0,0,0,0,0,0.01,0.0,1.24,0.36,1.43,0.53,0.0,0.09,0.0,0.85,0.0,0.0,0.0,1.24,0.0,0.04,0.0,3.6,0.03,0.08,0.0,0.0,0.01,0.08,4.5,1.3,7.4,0.0
355,0,0,1,0,1,0,0,0,0,1,0,0,0,1,0,0,0,3,0,0,0,0,0,0,0.01,0.0,1.08,0.39,1.44,0.54,0.0,0.06,0.0,1.01,0.0,0.0,0.0,1.58,0.0,0.03,0.0,4.74,0.02,0.06,0.0,0.0,0.01,0.06,3.2,1.4,9.8,0.0
356,0,0,0,0,1,0,0,0,0,1,0,0,0,1,0,1,0,3,0,0,0,0,0,0,0.01,0.0,0.92,0.47,1.39,0.56,0.0,0.04,0.0,1.04,0.0,0.0,0.0,1.45,0.0,1.36,0.0,4.77,0.01,0.04,0.0,0.0,0.01,0.04,3.1,1.1,10.4,0.0
357,0,0,0,0,1,0,0,0,0,1,0,0,0,1,0,2,0,3,0,0,0,0,0,0,0.0,0.0,0.8,0.55,1.31,0.58,0.0,0.03,0.0,1.04,0.0,0.0,0.0,1.35,0.0,2.01,0.0,4.55,0.01,0.03,0.0,0.0,0.0,0.03,3.0,1.1,8.7,0.0
358,0,0,0,0,1,0,0,0,0,0,0,0,0,1,0,1,0,4,0,0,0,0,0,0,0.0,0.0,0.69,0.58,1.17,0.57,0.0,0.02,0.0,0.9,0.0,0.0,0.0,1.75,0.0,1.41,0.0,6.07,0.01,0.02,0.0,0.0,0.0,0.02,2.5,0.6,12.3,0.0
